Hora_Ini_E,Per_hog,Turismos,Sexo,Edad,crnt_tur,O_long,O_lat,D_long,D_lat,distance,original_distance,Coworking,Coworking_days,Rem_work,drive_tt,walk_tt,distance_stop_0,distance_stop_1,distance_stop_2,distance_stop_3,distance_stop_4,transit_tt,Tipo_familia,Mun_Ori,Mun_Des,geometry,distance_base,Mode,Mode_base,prediction,prediction_base,eCar,CO2,CO2_over_target,CO2_worst_case,CO2_worst_case_over_target,distance_week,distance_week_interv,distance_week_no_interv,weighted_d,n_close_stops
99,2,3,2,3,1,-1.9117252420278237,43.31107711854578,-2.033693,43.256347,14661.301,14661.301,0,0,0,14.037133333333333,242.55316666666667,48.419,122.682,174.855,174.855,174.855,25.183,4,67,69,POINT (-1.9117252420278237 43.31107711854578),14661.301,PT,PT,1,1,0,7.279042720479999,0.41142415376626085,21.9919515,1.243023345652174,146613.01,0.0,146613.01,0.7656736238866568,5
97,1,2,1,4,1,-1.8986722932272069,43.3098632949247,-2.033693,43.256347,15974.84,15974.84,0,0,0,16.351333333333333,259.78025,273.787,388.273,474.943,477.256,492.154,28.015,3,67,69,POINT (-1.8986722932272069 43.3098632949247),15974.84,Car,Car,2,2,0,23.96226,1.3543886086956525,23.96226,1.3543886086956525,159748.4,0.0,159748.4,2.062519993004979,5
99,2,3,2,3,1,-1.9118876377086231,43.311554222121856,-2.033693,43.256347,14695.88,14695.88,0,0,0,14.123566666666667,244.59786666666665,0.0,74.263,94.799,94.799,200.699,24.309,4,67,69,POINT (-1.9118876377086231 43.311554222121856),14695.88,PT,PT,1,1,0,7.2962105024,0.41239450665739136,22.04382,1.2459550434782611,146958.8,0.0,146958.8,0.8247890133147827,5
97,1,3,1,4,1,-1.894281506875208,43.30890901467812,-2.033693,43.256347,16048.096,16048.096,0,0,0,15.109866666666667,266.37218333333334,61.466,174.89,270.13,273.531,280.811,26.836,5,67,69,POINT (-1.894281506875208 43.30890901467812),16048.096,Car,Car,2,2,0,24.072144,1.3605994434782611,24.072144,1.3605994434782611,160480.96,0.0,160480.96,2.4898338197224397,5
97,1,2,2,4,1,-1.8980897442731728,43.31272703953352,-2.033693,43.256347,15797.317,15797.317,0,0,0,15.988949999999999,261.3415166666667,164.522,164.522,164.522,214.279,246.446,25.747,3,67,69,POINT (-1.8980897442731728 43.31272703953352),15797.317,PT,PT,1,1,0,7.84305194416,0.4433029359742609,23.6959755,1.339337745652174,157973.16999999998,0.0,157973.16999999998,0.7295991303251813,5
99,2,3,2,3,1,-1.9058372642490795,43.3122915496518,-2.033693,43.256347,15179.198,15179.198,0,0,0,15.331816666666667,251.76893333333334,76.326,76.378,88.476,88.476,157.215,25.146,4,67,69,POINT (-1.9058372642490795 43.3122915496518),15179.198,PT,PT,1,1,0,7.536168223040001,0.42595733434573924,22.768797,1.2869320043478263,151791.98,0.0,151791.98,0.7655224993987033,5
103,2,2,2,3,1,-1.9089895863498891,43.31399663024324,-2.033693,43.256347,15073.387,15073.387,0,0,0,15.067316666666667,248.41240000000002,128.012,148.182,178.545,178.545,203.545,24.148,2,67,69,POINT (-1.9089895863498891 43.31399663024324),15073.387,PT,PT,1,1,0,7.483635177760001,0.4229880752646958,22.6100805,1.2779610717391305,150733.87,0.0,150733.87,0.7194667314224875,5
99,2,3,2,5,1,-1.903873319238777,43.31312493236364,-2.033693,43.256347,15469.91,15469.91,0,0,0,16.006183333333333,256.43078333333335,176.091,230.608,232.685,232.685,243.556,23.96,6,67,69,POINT (-1.903873319238777 43.31312493236364),15469.91,PT,PT,1,1,0,7.6805009168,0.4341152692104348,23.204864999999998,1.3115793260869566,154699.1,0.0,154699.1,0.7076650333587393,5
100,2,2,2,5,2,-1.899036491637472,43.31249182055583,-2.033693,43.256347,15746.825,15746.825,0,0,0,16.748966666666668,260.33596666666665,187.554,212.135,212.135,212.135,265.405,25.883,2,67,69,POINT (-1.899036491637472 43.31249182055583),15746.825,PT,PT,1,1,0,7.817983676000001,0.44188603386086966,23.6202375,1.3350569021739134,157468.25,0.0,157468.25,0.7137857827261459,5
99,2,3,2,3,1,-1.9037308363731915,43.31594902573766,-2.033693,43.256347,15355.679,15355.679,0,0,0,15.632233333333334,256.96895,226.441,226.441,227.824,227.824,247.487,23.858,4,67,69,POINT (-1.9037308363731915 43.31594902573766),15355.679,PT,PT,1,1,0,7.6237875099200005,0.4309097288215653,23.0335185,1.3018945239130437,153556.79,0.0,153556.79,0.6764698554957217,5
103,2,2,1,3,1,-1.9067584149298509,43.318737228790766,-2.033693,43.256347,14836.686,14836.686,0,0,0,14.35225,251.31453333333332,187.941,202.482,202.482,223.603,344.888,23.356,2,67,69,POINT (-1.9067584149298509 43.318737228790766),14836.686,PT,PT,1,1,0,7.36611786528,0.4163457923853913,22.255029,1.257892943478261,148366.86,0.0,148366.86,0.6723270231399648,5
99,2,3,2,5,1,-1.9005227361968455,43.31222964908327,-2.033693,43.256347,15597.931,15597.931,0,0,0,16.5257,258.01773333333335,157.847,203.239,203.577,357.254,358.495,26.091,6,67,69,POINT (-1.9005227361968455 43.31222964908327),15597.931,PT,PT,1,1,0,7.74406078288,0.43770778338017396,23.396896500000004,1.322433280434783,155979.31,0.0,155979.31,0.7245117484909035,5
99,2,3,2,3,1,-1.9023360863276304,43.31528535628448,-2.033693,43.256347,15352.651,15352.651,0,0,0,15.624666666666666,257.44561666666664,65.251,65.251,84.253,84.253,140.996,22.092,4,67,69,POINT (-1.9023360863276304 43.31528535628448),15352.651,PT,PT,1,1,0,7.62228416848,0.43082475734886966,23.028976500000002,1.3016378021739134,153526.51,0.0,153526.51,0.7846839588422561,5
103,2,2,2,3,1,-1.907977044027914,43.31216081919536,-2.033693,43.256347,15095.504,15095.504,0,0,0,15.1226,249.10358333333335,48.843,149.531,153.794,172.279,191.087,25.126,2,67,69,POINT (-1.907977044027914 43.31216081919536),15095.504,PT,PT,1,1,0,7.49461582592,0.4236087205954783,22.643256,1.2798362086956525,150955.04,0.0,150955.04,0.7879061729698803,5
100,2,2,2,5,2,-1.9006492611840464,43.31194572311819,-2.033693,43.256347,15544.371,15544.371,0,0,0,16.244733333333333,257.42875,167.9,168.238,193.186,323.156,392.593,26.53,2,67,69,POINT (-1.9006492611840464 43.31194572311819),15544.371,PT,PT,1,1,0,7.71746931408,0.43620478731756523,23.316556499999997,1.3178923239130436,155443.71,0.0,155443.71,0.7158830010283358,5
103,2,2,2,3,1,-1.9047960206134904,43.31126920483012,-2.033693,43.256347,15241.167,15241.167,0,0,0,15.48675,251.54486666666665,75.032,75.032,93.684,159.145,206.033,26.289,2,67,69,POINT (-1.9047960206134904 43.31126920483012),15241.167,PT,PT,1,1,0,7.566934592159999,0.42769630303513045,22.8617505,1.2921858978260872,152411.66999999998,0.0,152411.66999999998,0.7698241505535799,5
103,2,2,1,3,1,-1.9080108344615605,43.31458226296263,-2.033693,43.256347,15122.26,15122.26,0,0,0,15.1895,250.38123333333334,66.134,66.134,93.551,93.551,178.86,22.752,2,67,69,POINT (-1.9080108344615605 43.31458226296263),15122.26,PT,PT,1,1,0,7.507899644800001,0.4243595451408697,22.68339,1.2821046521739132,151222.6,0.0,151222.6,0.7720679348076609,5
97,1,2,2,4,1,-1.9074277684794196,43.31506977227039,-2.033693,43.256347,15146.527,15146.527,0,0,0,15.250166666666667,249.85466666666667,30.694,30.694,38.371,38.371,123.68,21.718,3,67,69,POINT (-1.9074277684794196 43.31506977227039),15146.527,PT,PT,1,1,0,7.5199477249600015,0.4250405235846958,22.7197905,1.2841620717391304,151465.27,0.0,151465.27,0.8106300930217244,5
99,2,3,2,3,1,-1.9053882504172168,43.29025147591379,-2.033693,43.256347,13288.748,13288.748,0,0,0,18.106316666666665,225.51955,0.0,67.223,160.772,442.206,460.643,31.774,4,67,69,POINT (-1.9053882504172168 43.29025147591379),13288.748,Car,Car,2,2,0,19.933121999999997,1.1266547217391305,19.933122,1.1266547217391307,132887.47999999998,0.0,132887.47999999998,2.253309443478261,5
103,2,2,2,3,1,-1.9042252876633716,43.308352245667606,-2.033693,43.256347,15151.53,15151.53,0,0,0,15.262666666666666,250.62531666666666,100.782,129.329,288.893,376.638,376.638,29.002,2,67,69,POINT (-1.9042252876633716 43.308352245667606),15151.53,PT,PT,1,1,0,7.5224316144,0.4251809173356523,22.727295,1.284586239130435,151515.30000000002,0.0,151515.30000000002,0.7434444002283362,5
99,2,3,2,5,1,-1.9029722266894908,43.31473214248491,-2.033693,43.256347,15266.666,15266.666,0,0,0,15.487933333333332,256.46543333333335,16.517,16.517,34.779,34.779,73.26,21.252,6,67,69,POINT (-1.9029722266894908 43.31473214248491),15266.666,PT,PT,1,1,0,7.579594335680001,0.42841185375582624,22.899999,1.2943477695652177,152666.66,0.0,152666.66,0.8344676299913771,5
103,2,2,1,3,1,-1.9105662739558225,43.31569287145727,-2.033693,43.256347,15129.965,15129.965,0,0,0,15.20875,244.73193333333333,107.158,107.158,107.158,107.158,107.158,21.117,2,67,69,POINT (-1.9105662739558225 43.31569287145727),15129.965,PT,PT,1,1,0,7.5117250232,0.4245757621808696,22.6949475,1.2827579021739133,151299.65,0.0,151299.65,0.7374094254129832,5
100,2,2,2,5,2,-1.899516320502736,43.31287524025499,-2.033693,43.256347,15672.023,15672.023,0,0,0,16.797366666666665,260.0866666666667,92.765,227.334,230.509,231.336,248.808,24.82,2,67,69,POINT (-1.899516320502736 43.31287524025499),15672.023,PT,PT,1,1,0,7.78084597904,0.4397869466413914,23.508034499999997,1.328714993478261,156720.22999999998,0.0,156720.22999999998,0.7757030389419207,5
97,1,2,1,4,1,-1.911544054290872,43.28582436693907,-2.033693,43.256347,12183.872,12183.872,0,0,0,17.30521666666667,213.99311666666665,0.0,230.943,378.705,631.627,691.586,33.04,3,67,69,POINT (-1.911544054290872 43.28582436693907),12183.872,Car,Car,2,2,0,18.275808,1.0329804521739132,18.275807999999998,1.032980452173913,121838.72,0.0,121838.72,2.0659609043478264,3
103,2,2,1,3,1,-1.9064258399235607,43.317619112618544,-2.033693,43.256347,14809.987,14809.987,0,0,0,14.2681,252.69286666666667,156.158,170.699,170.699,191.82,273.411,22.958,2,67,69,POINT (-1.9064258399235607 43.317619112618544),14809.987,PT,PT,1,1,0,7.352862345759999,0.4155965673690435,22.2149805,1.2556293326086958,148099.87,0.0,148099.87,0.6889206572912043,5
97,1,2,2,5,1,-1.9048057939857292,43.31229751805535,-2.033693,43.256347,15253.919,15253.919,0,0,0,15.518616666666667,253.41468333333333,62.59,100.061,175.123,187.221,187.221,26.015,5,67,69,POINT (-1.9048057939857292 43.31229751805535),15253.919,PT,PT,1,1,0,7.573265705120002,0.428054148550261,22.880878499999998,1.293267045652174,152539.19,0.0,152539.19,0.7822179273778027,5
100,2,2,2,5,2,-1.8843157432958275,43.310047316514655,-2.033693,43.256347,16652.446,16652.446,0,0,0,13.066616666666667,280.27815,53.566,70.215,203.288,218.269,228.742,26.589,2,67,69,POINT (-1.8843157432958275 43.310047316514655),16652.446,PT,PT,1,1,0,8.267606390080001,0.4672994916132175,24.978669,1.4118378130434786,166524.46,0.0,166524.46,0.863802117668792,5
99,2,3,2,5,1,-1.9034726102365709,43.31377371784783,-2.033693,43.256347,15390.657,15390.657,0,0,0,15.775816666666666,257.20753333333334,113.803,170.397,170.397,189.399,189.399,23.043,6,67,69,POINT (-1.9034726102365709 43.31377371784783),15390.657,PT,PT,1,1,0,7.64115338736,0.43189127841600006,23.0859855,1.30486005,153906.57,0.0,153906.57,0.7450049666318903,5
97,1,2,2,5,1,-1.9042244613820547,43.31462229391806,-2.033693,43.256347,15204.981,15204.981,0,0,0,15.25555,254.47741666666667,119.368,141.421,141.421,158.362,158.362,22.801,5,67,69,POINT (-1.9042244613820547 43.31462229391806),15204.981,PT,PT,1,1,0,7.54896896688,0.4266808546497392,22.8074715,1.2891179543478262,152049.81,0.0,152049.81,0.7319121941771275,5
103,2,2,1,3,1,-1.8837848093670388,43.309561105374186,-2.033693,43.256347,16611.678,16611.678,0,0,0,12.969133333333334,279.1633,140.099,148.92,157.207,157.495,206.669,27.662,2,67,69,POINT (-1.8837848093670388 43.309561105374186),16611.678,PT,PT,1,1,0,8.24736589344,0.4661554635422609,24.917517,1.408381395652174,166116.78,0.0,166116.78,0.7839172377400625,5
97,1,2,2,5,1,-1.9015441128026591,43.31552428524954,-2.033693,43.256347,15426.001,15426.001,0,0,0,15.710366666666665,258.26823333333334,121.376,121.376,140.378,140.378,157.607,22.919,5,67,69,POINT (-1.9015441128026591 43.31552428524954),15426.001,Car,Car,2,2,0,23.1390015,1.3078566065217392,23.1390015,1.3078566065217392,154260.01,0.0,154260.01,2.238989328737816,5
97,1,2,2,5,1,-1.9066878496331816,43.31538714791489,-2.033693,43.256347,15092.66,15092.66,0,0,0,15.299800000000001,250.5609,61.735,61.735,118.569,118.569,120.335,22.669,5,67,69,POINT (-1.9066878496331816 43.31538714791489),15092.66,PT,PT,1,1,0,7.493203836800001,0.42352891251478275,22.63899,1.2795950869565218,150926.6,0.0,150926.6,0.7747768530083342,5
97,1,3,1,4,1,-1.904102130082505,43.28507845047166,-2.033693,43.256347,13228.728,13228.728,0,0,0,18.80891666666667,228.35521666666668,630.783,788.342,855.565,861.726,949.114,41.297,5,67,69,POINT (-1.904102130082505 43.28507845047166),13228.728,Car,Car,2,2,0,19.843092,1.1215660695652174,19.843092,1.1215660695652174,132287.28,0.0,132287.28,1.483057223646851,0
99,2,3,2,3,1,-1.904354964084808,43.31664196736475,-2.033693,43.256347,15406.524,15406.524,0,0,0,15.759333333333332,256.2436,347.366,347.366,349.787,349.787,370.833,25.389,4,67,69,POINT (-1.904354964084808 43.31664196736475),15406.524,PT,PT,1,1,0,7.64903103552,0.43233653679026096,23.109786,1.3062052956521741,154065.24,0.0,154065.24,0.6326883640982727,5
97,1,2,2,4,1,-1.9089867411437649,43.3129556632034,-2.033693,43.256347,15016.558,15016.558,0,0,0,14.925233333333333,249.64901666666668,123.969,134.893,212.798,217.156,277.024,25.501,3,67,69,POINT (-1.9089867411437649 43.3129556632034),15016.558,PT,PT,1,1,0,7.455420715840001,0.42139334480834795,22.524836999999998,1.2731429608695652,150165.58000000002,0.0,150165.58000000002,0.7195708140160126,5
97,1,3,1,4,1,-1.892341561257225,43.30696976684494,-2.033693,43.256347,15945.218,15945.218,0,0,0,15.544483333333334,267.6594166666667,47.428,152.28,190.106,225.154,269.672,27.319,5,67,69,POINT (-1.892341561257225 43.30696976684494),15945.218,Car,Car,2,2,0,23.917827000000003,1.3518771782608698,23.917827000000003,1.3518771782608698,159452.18,0.0,159452.18,2.5192072537823043,5
97,1,2,1,4,1,-1.9010247318163056,43.31061970062997,-2.033693,43.256347,15490.84,15490.84,0,0,0,16.252916666666668,256.20148333333333,256.136,268.573,297.12,318.691,361.913,28.364,3,67,69,POINT (-1.9010247318163056 43.31061970062997),15490.84,Car,Car,2,2,0,23.23626,1.3133538260869568,23.23626,1.3133538260869568,154908.4,0.0,154908.4,2.0218246818238397,5
103,2,2,2,3,1,-1.9101432391558892,43.31374337337467,-2.033693,43.256347,14902.013,14902.013,0,0,0,14.638883333333332,246.7366,27.464,47.634,119.626,119.626,160.418,23.024,2,67,69,POINT (-1.9101432391558892 43.31374337337467),14902.013,PT,PT,1,1,0,7.398551414240001,0.4181789929787827,22.353019500000002,1.263431536956522,149020.13,0.0,149020.13,0.8012858318790429,5
97,2,3,2,4,1,-2.0451893451837724,43.2714324427981,-2.033693,43.256347,4790.655,4790.655,0,0,0,8.323833333333333,64.7567,0.0,0.0,0.0,5.959,5.959,22.857,2,73,69,POINT (-2.0451893451837724 43.2714324427981),4790.655,PT,PT,1,1,0,2.3784643944,0.13443494403130435,7.1859825,0.4061642282608696,47906.549999999996,0.0,47906.549999999996,0.2688698880626087,5
97,2,3,2,4,1,-2.039588349558443,43.2693842203815,-2.033693,43.256347,4247.038,4247.038,0,0,0,6.568433333333333,35.0635,413.612,413.612,621.302,775.834,775.834,26.815,2,73,69,POINT (-2.039588349558443 43.2693842203815),4247.038,PT,PT,1,1,0,2.10856942624,0.11918001104834784,6.370556999999999,0.3600749608695652,42470.38,0.0,42470.38,0.1692828727077711,2
97,2,3,2,4,1,-2.05293934916184,43.28544769964985,-2.033693,43.256347,6742.476,6742.476,0,0,0,13.93035,90.44751666666666,1881.871,1881.871,1964.012,2001.679,2001.679,47.173,2,73,69,POINT (-2.05293934916184 43.28544769964985),6742.476,Car,Car,2,2,0,10.113713999999998,0.5716447043478261,10.113714,0.5716447043478261,67424.76,0.0,67424.76,0.6502439484389515,0
97,2,3,2,4,1,-2.0531563837301725,43.27312324498186,-2.033693,43.256347,5472.064,5472.064,0,0,0,8.723133333333333,64.16638333333334,191.457,213.805,229.124,229.124,364.638,25.209,2,73,69,POINT (-2.0531563837301725 43.27312324498186),5472.064,Car,Car,2,2,0,8.208096000000001,0.46393586086956534,8.208096000000001,0.46393586086956534,54720.64,0.0,54720.64,0.7471361373146452,5
97,2,2,1,5,1,-1.9324913382764963,43.32764647220097,-2.033693,43.256347,13300.358,13300.358,0,0,0,13.56235,233.44123333333334,146.563,303.994,358.459,405.534,435.788,32.698,4,64,69,POINT (-1.9324913382764963 43.32764647220097),13300.358,PT,PT,1,1,0,6.60336173984,0.3732334896431305,19.950537,1.1276390478260871,133003.58000000002,0.0,133003.58000000002,0.6239708926365248,5
97,2,2,1,5,1,-1.929772416318181,43.32450323169783,-2.033693,43.256347,13319.879,13319.879,0,0,0,13.9831,229.63085,0.0,32.673,83.259,113.645,196.612,27.611,4,64,69,POINT (-1.929772416318181 43.32450323169783),13319.879,PT,PT,1,1,0,6.613053525920001,0.3737812862476523,19.9798185,1.129294089130435,133198.79,0.0,133198.79,0.7475625724953046,5
97,2,2,1,3,1,-1.916542595733576,43.32706737348905,-2.033693,43.256347,17337.8,17337.8,0,0,0,19.899933333333333,288.55081666666666,255.402,329.132,604.039,1705.135,1781.76,31.621,2,64,69,POINT (-1.916542595733576 43.32706737348905),17337.8,Car,Car,2,2,0,26.006699999999995,1.4699439130434782,26.0067,1.4699439130434784,173378.0,0.0,173378.0,2.2639330846940005,2
103,2,2,2,5,2,-1.9193152615030151,43.32543850750479,-2.033693,43.256347,17336.949,17336.949,0,0,0,20.148383333333335,291.6646,442.229,515.959,790.866,1891.962,1968.587,33.985,2,64,69,POINT (-1.9193152615030151 43.32543850750479),17336.949,PT,PT,1,1,0,8.60744843952,0.4865079552772175,26.0054235,1.4698717630434783,173369.49,0.0,173369.49,0.6831485966199369,1
103,2,2,2,5,2,-1.9215470014503,43.32846272414535,-2.033693,43.256347,17828.181,17828.181,0,0,0,21.99045,297.8972333333333,816.187,889.917,1147.648,2265.92,2342.545,38.586,2,64,69,POINT (-1.9215470014503 43.32846272414535),17828.181,PT,PT,1,1,0,8.85133530288,0.5002928649453914,26.7422715,1.511519693478261,178281.81,0.0,178281.81,0.6347576629439502,0
97,2,2,1,3,1,-1.9283300002391293,43.32417730472337,-2.033693,43.256347,13460.444,13460.444,0,0,0,14.334516666666667,231.03375,137.996,170.669,186.923,233.77,251.182,29.426,2,64,69,POINT (-1.9283300002391293 43.32417730472337),13460.444,PT,PT,1,1,0,6.68284123712,0.37772580905460873,20.190665999999997,1.1412115565217391,134604.44,0.0,134604.44,0.6364444793538412,5
108,2,3,2,3,1,-1.9323596142467871,43.32576114618454,-2.033693,43.256347,13182.294,13182.294,0,0,0,13.2672,229.81246666666667,115.557,187.223,194.565,311.069,382.913,28.944,6,64,69,POINT (-1.9323596142467871 43.32576114618454),13182.294,Car,Car,2,2,0,19.773441,1.1176292739130436,19.773441,1.1176292739130436,131822.94,0.0,131822.94,1.9244711323678718,5
103,2,2,2,5,2,-1.919651683236455,43.32638919143091,-2.033693,43.256347,17519.812,17519.812,0,0,0,20.834083333333336,293.6623,562.091,626.83,880.802,2011.824,2088.449,35.426,2,64,69,POINT (-1.919651683236455 43.32638919143091),17519.812,PT,PT,1,1,0,8.69823626176,0.491639440882087,26.279718,1.4853753652173916,175198.12000000002,0.0,175198.12000000002,0.6627255933469962,0
108,2,3,2,3,1,-1.931347172368095,43.32607081010022,-2.033693,43.256347,13300.358,13300.358,0,0,0,13.56235,230.1091,53.365,170.47,205.606,235.86,238.279,30.216,6,64,69,POINT (-1.931347172368095 43.32607081010022),13300.358,Car,Car,2,2,0,19.950537,1.1276390478260871,19.950537,1.1276390478260871,133003.58000000002,0.0,133003.58000000002,2.0849826283952613,5
97,2,2,1,3,1,-1.93832747301987,43.32634927675199,-2.033693,43.256347,13055.78,13055.78,0,0,0,12.95095,227.36746666666667,0.0,0.0,82.308,82.308,219.692,28.041,2,64,69,POINT (-1.93832747301987 43.32634927675199),13055.78,PT,PT,1,1,0,6.4819336544000015,0.36637016307478276,19.58367,1.106903086956522,130557.8,0.0,130557.8,0.7327403261495655,5
108,2,3,2,3,1,-1.92904244617358,43.32401105660868,-2.033693,43.256347,13235.892,13235.892,0,0,0,13.77315,229.20141666666666,76.983,134.938,141.242,141.242,167.611,28.062,6,64,69,POINT (-1.92904244617358 43.32401105660868),13235.892,Car,Car,2,2,0,19.853838,1.1221734521739133,19.853838,1.1221734521739133,132358.91999999998,0.0,132358.91999999998,2.0151899427110833,5
97,1,2,2,4,1,-1.9214352390042488,43.328345991111874,-2.033693,43.256347,17739.941,17739.941,0,0,0,21.659550000000003,297.8972333333333,816.187,889.917,1147.648,2265.92,2342.545,38.586,1,64,69,POINT (-1.9214352390042488 43.328345991111874),17739.941,PT,PT,1,1,0,8.807525907679999,0.4978166817384348,26.6099115,1.5040384760869567,177399.40999999997,0.0,177399.40999999997,0.631615950607836,0
97,2,2,1,5,1,-1.927818649024741,43.32699739846439,-2.033693,43.256347,13655.927,13655.927,0,0,0,14.823183333333333,236.52301666666665,436.144,467.352,516.279,517.946,519.403,33.078,4,64,69,POINT (-1.927818649024741 43.32699739846439),13655.927,PT,PT,1,1,0,6.779894636960001,0.38321143600208707,20.4838905,1.1577851152173915,136559.27,0.0,136559.27,0.5393811946371179,2
103,2,2,2,5,2,-1.91727926484846,43.31640701077948,-2.033693,43.256347,13949.633,13949.633,0,0,0,13.679183333333333,233.05116666666666,113.916,190.633,304.682,305.322,381.219,21.162,2,64,69,POINT (-1.91727926484846 43.31640701077948),13949.633,PT,PT,1,1,0,6.92571379184,0.3914533882344348,20.924449499999998,1.1826862760869565,139496.33,0.0,139496.33,0.6751728300301867,5
97,1,2,2,4,1,-1.916971314922456,43.31827069150776,-2.033693,43.256347,13903.681,13903.681,0,0,0,14.362150000000002,235.33103333333332,120.023,125.705,244.404,290.748,327.425,21.748,1,64,69,POINT (-1.916971314922456 43.31827069150776),13903.681,PT,PT,1,1,0,6.902899542880001,0.390163887206261,20.855521500000002,1.1787903456521742,139036.81,0.0,139036.81,0.6688371173909848,5
103,2,2,2,5,2,-1.928515514356125,43.32400292455844,-2.033693,43.256347,13460.444,13460.444,0,0,0,14.334516666666667,229.58666666666667,100.098,111.823,144.496,164.357,164.357,28.349,2,64,69,POINT (-1.928515514356125 43.32400292455844),13460.444,PT,PT,1,1,0,6.68284123712,0.37772580905460873,20.190665999999997,1.1412115565217391,134604.44,0.0,134604.44,0.6609507757287302,5
108,2,3,2,3,1,-1.9117529799786976,43.32398674823464,-2.033693,43.256347,16684.943,16684.943,0,0,0,18.267816666666665,280.00943333333333,219.728,303.962,323.501,1192.652,1269.277,30.968,6,64,69,POINT (-1.9117529799786976 43.32398674823464),16684.943,PT,PT,1,1,0,8.28374050064,0.4682114196013914,25.0274145,1.414592993478261,166849.43,0.0,166849.43,0.7384747609653691,3
108,2,3,2,3,1,-1.916730227719583,43.31787276178701,-2.033693,43.256347,13903.681,13903.681,0,0,0,14.362150000000002,235.33103333333332,120.023,125.705,244.404,290.748,327.425,21.748,6,64,69,POINT (-1.916730227719583 43.31787276178701),13903.681,Car,Car,2,2,0,20.8555215,1.178790345652174,20.855521500000002,1.1787903456521742,139036.81,0.0,139036.81,2.020737343068154,5
97,2,2,1,3,1,-1.9315895541427224,43.32506016798542,-2.033693,43.256347,13174.836,13174.836,0,0,0,13.6205,227.21065,61.953,145.212,157.727,168.94,224.127,28.438,2,64,69,POINT (-1.9315895541427224 43.32506016798542),13174.836,PT,PT,1,1,0,6.54104257728,0.369711102194087,19.762254000000002,1.1169969652173917,131748.36,0.0,131748.36,0.6761413035136674,5
103,1,2,2,6,1,-1.7857171365534978,43.33737647054932,-2.033693,43.256347,24986.201,24986.201,0,0,0,20.767033333333334,425.93218333333334,0.0,59.63,275.512,275.512,349.67,26.352,1,45,69,POINT (-1.7857171365534978 43.33737647054932),24986.201,PT,PT,1,1,0,12.40514907248,0.7011605997488697,37.4793015,2.118395302173913,249862.01,0.0,249862.01,1.4023211994977394,5
97,2,3,1,5,1,-1.7901907542079647,43.33934687415989,-2.033693,43.256347,25041.856,25041.856,0,0,0,21.259816666666666,421.58503333333334,92.312,92.312,92.312,252.376,252.376,25.58,4,45,69,POINT (-1.7901907542079647 43.33934687415989),25041.856,Car,Car,2,2,0,37.562784,2.12311387826087,37.562784,2.12311387826087,250418.56,0.0,250418.56,3.7466537227679484,5
97,2,3,1,5,1,-1.815876270011278,43.33865835021949,-2.033693,43.256347,23200.136,23200.136,0,0,0,19.68406666666667,391.38961666666665,386.411,473.399,473.399,504.344,504.344,31.001,4,45,69,POINT (-1.815876270011278 43.33865835021949),23200.136,PT,PT,1,1,0,11.518403521279998,0.6510401990288696,34.800204,1.9669680521739135,232001.36,0.0,232001.36,0.9355811806108384,3
97,1,2,2,5,2,-1.7779884081968451,43.3396957060265,-2.033693,43.256347,25759.889,25759.889,0,0,0,22.232133333333334,436.78863333333334,192.205,211.477,213.35,264.279,270.807,29.637,3,45,69,POINT (-1.7779884081968451 43.3396957060265),25759.889,PT,PT,1,1,0,12.789269690720001,0.7228717651276524,38.6398335,2.183990589130435,257598.88999999998,0.0,257598.88999999998,1.1634636517161585,5
97,1,3,2,4,1,-1.8148326546338365,43.32959367191015,-2.033693,43.256347,22674.838,22674.838,0,0,0,19.151516666666666,383.4273,64.086,211.491,309.753,309.753,554.778,27.328,3,45,69,POINT (-1.8148326546338365 43.32959367191015),22674.838,Car,Car,2,2,0,34.012257,1.9224319173913045,34.012257,1.9224319173913045,226748.38,0.0,226748.38,3.5064795743113493,4
101,1,2,1,5,1,-1.793055704399751,43.33821744910096,-2.033693,43.256347,24628.41,24628.41,0,0,0,20.22625,415.33525000000003,231.521,236.858,240.849,240.849,280.54,21.984,3,45,69,POINT (-1.793055704399751 43.33821744910096),24628.41,Car,Car,2,2,0,36.942614999999996,2.088060847826087,36.942614999999996,2.088060847826087,246284.1,0.0,246284.1,3.266599897737241,5
97,2,3,1,5,1,-1.7896498183525062,43.34107185315048,-2.033693,43.256347,25203.653,25203.653,0,0,0,21.6643,424.92345,256.314,256.314,256.314,379.499,379.499,27.616,4,45,69,POINT (-1.7896498183525062 43.34107185315048),25203.653,Car,Car,2,2,0,37.8054795,2.1368314500000003,37.805479500000004,2.1368314500000007,252036.52999999997,0.0,252036.52999999997,3.289147291413303,5
97,1,3,2,4,1,-1.7701141549135324,43.340680018853234,-2.033693,43.256347,26690.067,26690.067,0,0,0,21.3936,449.09364999999997,89.664,227.516,241.771,253.02,438.607,32.012,3,45,69,POINT (-1.7701141549135324 43.340680018853234),26690.067,Car,Car,2,2,0,40.0351005,2.2628535065217394,40.0351005,2.2628535065217394,266900.67,0.0,266900.67,4.005010985674347,5
103,1,2,2,6,1,-1.8160525881824023,43.32745968377726,-2.033693,43.256347,22701.316,22701.316,0,0,0,19.324633333333335,380.12615,344.868,471.036,534.142,534.142,546.025,30.504,1,45,69,POINT (-1.8160525881824023 43.32745968377726),22701.316,PT,PT,1,1,0,11.27074936768,0.6370423555645218,34.051974,1.924676791304348,227013.15999999997,0.0,227013.15999999997,0.9334017758945065,2
97,1,2,2,5,2,-1.778090322796794,43.33995832426971,-2.033693,43.256347,25759.889,25759.889,0,0,0,22.232133333333334,436.78863333333334,192.205,211.477,213.35,264.279,270.807,29.637,3,45,69,POINT (-1.778090322796794 43.33995832426971),25759.889,PT,PT,1,1,0,12.789269690720001,0.7228717651276524,38.6398335,2.183990589130435,257598.88999999998,0.0,257598.88999999998,1.1634636517161585,5
101,1,2,1,5,1,-1.8007621812303027,43.33180783205442,-2.033693,43.256347,23730.295,23730.295,0,0,0,17.87206666666667,403.6671333333333,429.329,459.312,459.312,467.777,621.303,26.421,3,45,69,POINT (-1.8007621812303027 43.33180783205442),23730.295,PT,PT,1,1,0,11.7816168616,0.6659174747860871,35.5954425,2.0119163152173916,237302.94999999998,0.0,237302.94999999998,0.9398339684889648,4
103,2,2,1,5,1,-2.1749429339403954,43.27788171517416,-2.033693,43.256347,18024.799,18024.799,0,0,0,16.477783333333335,256.08958333333334,474.18,517.823,730.172,787.104,959.163,26.912,4,79,69,POINT (-2.1749429339403954 43.27788171517416),18024.799,Car,Car,2,2,0,27.037198500000002,1.5281894804347829,27.0371985,1.5281894804347826,180247.99,0.0,180247.99,2.1203732673195317,1
103,2,2,1,5,1,-2.175948211314954,43.285131868542855,-2.033693,43.256347,18135.997,18135.997,0,0,0,15.024049999999999,254.61520000000002,178.15,178.15,200.086,233.642,233.642,21.948,4,79,69,POINT (-2.175948211314954 43.285131868542855),18135.997,PT,PT,1,1,0,9.00415979056,0.5089307707707826,27.203995499999998,1.537617136956522,181359.97,0.0,181359.97,0.8282431857686593,5
103,2,2,1,5,1,-2.170477581113291,43.2867702147479,-2.033693,43.256347,17317.647,17317.647,0,0,0,13.25835,246.71295,90.25,90.25,97.456,97.456,97.456,18.606,4,79,69,POINT (-2.170477581113291 43.2867702147479),17317.647,PT,PT,1,1,0,8.59786538256,0.48596630423165227,25.9764705,1.468235289130435,173176.47,0.0,173176.47,0.8595470634103727,5
103,2,2,1,5,1,-2.173947078760274,43.284757210266015,-2.033693,43.256347,17559.569,17559.569,0,0,0,13.909933333333333,252.17886666666666,133.233,265.038,265.038,265.038,265.713,22.259,4,79,69,POINT (-2.173947078760274 43.284757210266015),17559.569,PT,PT,1,1,0,8.717974817120002,0.4927550983589567,26.339353499999998,1.4887460673913044,175595.69,0.0,175595.69,0.833972248270637,5
103,1,2,2,4,1,-1.9737855789610048,43.26218633381532,-2.033693,43.256347,5979.853,5979.853,0,0,0,10.341566666666667,108.50165,131.801,473.601,507.289,591.777,591.777,25.792,3,40,69,POINT (-1.9737855789610048 43.26218633381532),5979.853,PT,PT,1,1,0,2.96887741744,0.16780611489878264,8.969779500000001,0.5069875369565219,59798.53,0.0,59798.53,0.2843918441343212,2
105,2,2,2,5,1,-1.970704573729052,43.27128234111945,-2.033693,43.256347,6415.708,6415.708,0,0,0,11.699783333333333,117.01665,12.452,286.641,326.261,326.261,441.031,22.552,4,40,69,POINT (-1.970704573729052 43.27128234111945),6415.708,PT,PT,1,1,0,3.18527070784,0.18003704000834786,9.623562,0.5439404608695653,64157.079999999994,0.0,64157.079999999994,0.3528991500364621,5
97,2,4,1,6,1,-1.9756421977753744,43.2763455663497,-2.033693,43.256347,6217.76,6217.76,0,0,0,11.111566666666667,113.02775,762.01,762.01,833.362,835.979,922.599,32.128,2,40,69,POINT (-1.9756421977753744 43.2763455663497),6217.76,Car,Car,2,2,0,9.32664,0.5271579130434783,9.32664,0.5271579130434783,62177.600000000006,0.0,62177.600000000006,0.6760711755485803,0
101,1,2,2,4,1,-1.9807644637896744,43.26824984015544,-2.033693,43.256347,5888.64,5888.64,0,0,0,11.307533333333334,106.76208333333334,317.115,334.431,334.431,347.279,352.072,23.778,1,40,69,POINT (-1.9807644637896744 43.26824984015544),5888.64,PT,PT,1,1,0,2.9235919872000005,0.16524650362434787,8.832960000000002,0.49925426086956537,58886.4,0.0,58886.4,0.2455782911960393,5
101,1,2,2,4,1,-1.973122934550641,43.26865944961781,-2.033693,43.256347,5978.063,5978.063,0,0,0,10.569383333333333,110.09848333333333,21.325,74.2,74.2,74.2,74.2,21.994,1,40,69,POINT (-1.973122934550641 43.26865944961781),5978.063,PT,PT,1,1,0,2.9679887182400004,0.16775588407443484,8.9670945,0.5068357760869566,59780.630000000005,0.0,59780.630000000005,0.32437850983443,5
97,2,4,1,6,1,-1.9748008592467825,43.26690897233121,-2.033693,43.256347,6480.258,6480.258,0,0,0,12.5592,106.81358333333333,140.993,140.993,140.993,140.993,140.993,22.215,2,40,69,POINT (-1.9748008592467825 43.26690897233121),6480.258,Car,Car,2,2,0,9.720386999999999,0.5494131782608696,9.720386999999999,0.5494131782608696,64802.58,0.0,64802.58,0.9231695723039969,5
101,1,2,2,4,1,-1.9747137959605607,43.26643299186911,-2.033693,43.256347,6441.728,6441.728,0,0,0,12.414716666666667,106.22451666666666,178.101,178.101,179.541,179.541,179.541,22.007,1,40,69,POINT (-1.9747137959605607 43.26643299186911),6441.728,PT,PT,1,1,0,3.19818911744,0.18076721098573917,9.662592,0.5461465043478262,64417.28,0.0,64417.28,0.29419546839520233,5
105,2,2,2,5,1,-1.9387460659466975,43.24190289146681,-2.033693,43.256347,10470.701,10470.701,0,0,0,18.328133333333334,176.58471666666668,167.785,167.785,167.785,167.785,808.128,74.191,4,40,69,POINT (-1.9387460659466975 43.24190289146681),10470.701,Car,Car,2,2,0,15.706051499999997,0.8877333456521739,15.706051499999997,0.8877333456521739,104707.01,0.0,104707.01,1.4570547298257837,4
105,2,2,2,5,1,-1.959243777184316,43.24360776194771,-2.033693,43.256347,8172.417,8172.417,0,0,0,17.56335,143.2186,1668.884,1668.884,1668.884,1668.884,2552.566,55.869,4,40,69,POINT (-1.959243777184316 43.24360776194771),8172.417,Car,Car,2,2,0,12.2586255,0.6928788326086958,12.2586255,0.6928788326086958,81724.17,0.0,81724.17,0.7984531832472345,0
105,2,2,2,5,1,-1.97170633507712,43.26664956278909,-2.033693,43.256347,6641.495,6641.495,0,0,0,10.022066666666666,111.6477,120.741,154.429,268.858,268.858,268.858,24.431,4,40,69,POINT (-1.97170633507712 43.26664956278909),6641.495,PT,PT,1,1,0,3.2973694376,0.18637305516869568,9.9622425,0.5630832717391305,66414.95,0.0,66414.95,0.3192622115632679,5
105,2,2,2,5,1,-1.971502966761885,43.27159527539486,-2.033693,43.256347,6325.299,6325.299,0,0,0,11.53975,116.36729999999999,79.634,353.823,393.443,393.443,417.95,24.407,4,40,69,POINT (-1.971502966761885 43.27159527539486),6325.299,PT,PT,1,1,0,3.1403844475200007,0.17749999051200005,9.4879485,0.53627535,63252.99,0.0,63252.99,0.3177666609198139,5
105,2,2,2,5,1,-1.9756779624550165,43.26546631622711,-2.033693,43.256347,6291.842,6291.842,0,0,0,11.85265,104.52606666666667,290.773,290.773,290.773,290.874,290.874,22.206,4,40,69,POINT (-1.9756779624550165 43.26546631622711),6291.842,PT,PT,1,1,0,3.1237737161599997,0.17656112308730434,9.437762999999999,0.5334387782608696,62918.42,0.0,62918.42,0.2662204963595956,5
103,1,2,2,4,1,-1.9679182463362503,43.25212673862416,-2.033693,43.256347,7952.633,7952.633,0,0,0,12.183716666666667,129.09968333333333,1210.485,1309.541,1367.683,1524.822,1524.822,40.438,3,40,69,POINT (-1.9679182463362503 43.25212673862416),7952.633,Car,Car,2,2,0,11.928949499999998,0.6742449717391304,11.928949499999998,0.6742449717391304,79526.33,0.0,79526.33,0.8081579146162455,0
97,2,4,1,6,1,-1.9803720065010832,43.263039886846194,-2.033693,43.256347,5285.305,5285.305,0,0,0,9.04735,96.35548333333332,240.749,240.749,240.749,259.222,259.222,21.114,2,40,69,POINT (-1.9803720065010832 43.263039886846194),5285.305,Car,Car,2,2,0,7.9279575,0.448101945652174,7.927957500000001,0.44810194565217404,52853.05,0.0,52853.05,0.6967026526264859,5
97,1,3,2,4,1,-1.9910289035578563,43.2476427660248,-2.033693,43.256347,4292.035,4292.035,0,0,0,8.639333333333333,80.12408333333333,355.118,355.118,355.118,368.156,375.728,26.044,3,72,69,POINT (-1.9910289035578563 43.2476427660248),4292.035,Car,Car,2,2,0,6.4380524999999995,0.3638899239130435,6.4380524999999995,0.3638899239130435,42920.35,0.0,42920.35,0.5305270445140848,5
97,1,3,2,4,1,-1.9913365012348812,43.24627190794664,-2.033693,43.256347,4199.759,4199.759,0,0,0,8.208783333333333,80.28816666666667,275.824,278.56,278.56,278.56,283.396,25.09,3,72,69,POINT (-1.9913365012348812 43.24627190794664),4199.759,PT,PT,1,1,0,2.0850963483200005,0.11785327186156526,6.2996385,0.35606652391304355,41997.59,0.0,41997.59,0.17925394560644145,5
97,2,2,1,5,1,-1.9960189788168832,43.24132541071956,-2.033693,43.256347,4736.411,4736.411,0,0,0,6.340216666666667,88.19101666666667,162.249,162.257,162.58,233.453,424.556,25.272,2,72,69,POINT (-1.9960189788168832 43.24132541071956),4736.411,PT,PT,1,1,0,2.3515333332800004,0.13291275362017396,7.1046165,0.4015652804347826,47364.11,0.0,47364.11,0.219173245446121,5
97,2,2,1,5,1,-1.9944834485488856,43.24920218770535,-2.033693,43.256347,3704.242,3704.242,0,0,0,8.7531,71.5215,215.28,308.621,308.621,308.621,311.959,25.597,2,72,69,POINT (-1.9944834485488856 43.24920218770535),3704.242,Car,Car,2,2,0,5.556362999999999,0.3140553,5.556363,0.31405530000000004,37042.42,0.0,37042.42,0.4969007238472286,5
97,1,2,1,5,1,-2.3329658145715606,43.05262932836988,-2.033693,43.256347,44887.161,44887.161,0,0,0,41.94808333333334,676.5630166666667,347.456,380.46,380.46,998.69,998.69,61.491,1,51,69,POINT (-2.3329658145715606 43.05262932836988),44887.161,Car,Car,2,2,0,67.33074149999999,3.805650606521739,67.3307415,3.80565060652174,448871.61,0.0,448871.61,5.569006235254073,3
97,1,2,1,5,1,-2.3340113132937166,43.05628171061563,-2.033693,43.256347,44857.316,44857.316,0,0,0,41.2836,670.6012666666667,83.528,360.019,360.019,567.706,567.706,64.419,1,51,69,POINT (-2.3340113132937166 43.05628171061563),44857.316,Car,Car,2,2,0,67.285974,3.8031202695652175,67.285974,3.8031202695652175,448573.16,0.0,448573.16,6.777964559602882,3
97,1,2,1,5,1,-2.3326924210033293,43.052435894012966,-2.033693,43.256347,44887.161,44887.161,0,0,0,41.94808333333334,675.7018333333333,328.789,328.789,399.127,1031.287,1031.287,60.849,1,51,69,POINT (-2.3326924210033293 43.052435894012966),44887.161,Car,Car,2,2,0,67.33074149999999,3.805650606521739,67.3307415,3.80565060652174,448871.61,0.0,448871.61,5.621355369099522,3
97,1,2,1,5,1,-2.3326924210033293,43.052435894012966,-2.033693,43.256347,44887.161,44887.161,0,0,0,41.94808333333334,675.7018333333333,328.789,328.789,399.127,1031.287,1031.287,60.849,1,51,69,POINT (-2.3326924210033293 43.052435894012966),44887.161,Car,Car,2,2,0,67.33074149999999,3.805650606521739,67.3307415,3.80565060652174,448871.61,0.0,448871.61,5.621355369099522,3
97,1,2,1,5,1,-2.33248274900022,43.05253575732201,-2.033693,43.256347,44887.161,44887.161,0,0,0,41.94808333333334,675.7018333333333,328.789,328.789,399.127,1031.287,1031.287,60.849,1,51,69,POINT (-2.33248274900022 43.05253575732201),44887.161,Car,Car,2,2,0,67.33074149999999,3.805650606521739,67.3307415,3.80565060652174,448871.61,0.0,448871.61,5.621355369099522,3
103,2,3,1,6,1,-2.0195939336892166,43.265667708742505,-2.033693,43.256347,2255.293,2255.293,0,0,0,4.400083333333333,45.70465,80.068,80.068,85.356,85.356,85.356,20.221,2,83,69,POINT (-2.0195939336892166 43.265667708742505),2255.293,PT,PT,1,1,0,1.11970786864,0.06328783605356522,3.3829395000000004,0.19120962391304352,22552.93,0.0,22552.93,0.1132429778073292,5
97,2,3,2,5,1,-2.019555532213849,43.26703626481199,-2.033693,43.256347,2500.628,2500.628,0,0,0,3.7867666666666664,42.701283333333336,88.051,91.367,91.367,91.367,91.367,22.324,4,83,69,POINT (-2.019555532213849 43.26703626481199),2500.628,PT,PT,1,1,0,1.24151178944,0.07017240549008696,3.750942,0.21200976521739134,25006.280000000002,0.0,25006.280000000002,0.12442228926058643,5
103,2,3,1,6,1,-2.021456217869418,43.27095928055434,-2.033693,43.256347,2523.921,2523.921,0,0,0,4.938416666666667,44.37486666666667,209.04,209.04,209.04,235.116,235.116,24.639,2,83,69,POINT (-2.021456217869418 43.27095928055434),2523.921,Car,Car,2,2,0,3.7858815000000003,0.21398460652173917,3.7858814999999995,0.21398460652173912,25239.21,0.0,25239.21,0.3400952892903266,5
106,2,2,1,5,1,-2.0149386782803544,43.27026889070515,-2.033693,43.256347,2644.524,2644.524,0,0,0,3.2895333333333334,51.33421666666666,196.351,196.351,263.377,348.734,365.594,26.671,4,83,69,POINT (-2.0149386782803544 43.27026889070515),2644.524,PT,PT,1,1,0,1.31295327552,0.07421040252939132,3.966786,0.2242096434782609,26445.239999999998,0.0,26445.239999999998,0.11906398549551285,5
100,2,3,2,4,1,-2.017113890461203,43.25920829617511,-2.033693,43.256347,1610.493,1610.493,0,0,0,3.579533333333333,40.01878333333333,7.105,154.635,247.798,247.798,247.798,19.959,4,83,69,POINT (-2.017113890461203 43.25920829617511),1610.493,Walk,Walk,0,0,0,0.0,0.0,2.4157394999999995,0.13654179782608694,16104.93,0.0,16104.93,0.0,5
106,2,2,1,5,1,-2.0173668493036123,43.27093168009636,-2.033693,43.256347,2626.251,2626.251,0,0,0,3.5144333333333337,46.15465,238.806,238.806,244.013,262.982,262.982,25.373,4,83,69,POINT (-2.0173668493036123 43.27093168009636),2626.251,PT,PT,1,1,0,1.30388109648,0.07369762719234783,3.9393765000000003,0.22266041086956526,26262.510000000002,0.0,26262.510000000002,0.11473148382665471,5
106,2,2,2,5,1,-2.007438081824633,43.26329633292509,-2.033693,43.256347,2915.789,2915.789,0,0,0,6.729883333333333,60.30928333333333,1165.028,1165.028,1165.028,1165.028,1216.941,33.046,4,83,69,POINT (-2.007438081824633 43.26329633292509),2915.789,Car,Car,2,2,0,4.3736835,0.247208197826087,4.3736835,0.247208197826087,29157.890000000003,0.0,29157.890000000003,0.29783006945436036,0
106,2,2,1,5,1,-2.018916596203464,43.257205944418736,-2.033693,43.256347,1329.344,1329.344,0,0,0,2.8766833333333333,31.441366666666667,0.0,0.0,0.0,167.917,167.917,18.045,4,83,69,POINT (-2.018916596203464 43.257205944418736),1329.344,Walk,Walk,0,0,0,0.0,0.0,1.994016,0.11270525217391306,13293.44,0.0,13293.44,0.0,5
100,2,3,2,4,1,-2.020935093585625,43.27139693186516,-2.033693,43.256347,2545.696,2545.696,0,0,0,4.992850000000001,44.73778333333333,230.815,230.815,230.815,256.891,256.891,24.91,4,83,69,POINT (-2.020935093585625 43.27139693186516),2545.696,Car,Car,2,2,0,3.8185439999999997,0.21583074782608697,3.8185439999999997,0.21583074782608697,25456.96,0.0,25456.96,0.3378115214436865,5
100,2,3,2,4,1,-2.020921610184889,43.26553142356534,-2.033693,43.256347,2330.666,2330.666,0,0,0,4.8721000000000005,43.457750000000004,210.037,210.037,278.86,278.86,278.86,24.023,4,83,69,POINT (-2.020921610184889 43.26553142356534),2330.666,Car,Car,2,2,0,3.4959989999999994,0.19759994347826088,3.4959990000000003,0.1975999434782609,23306.660000000003,0.0,23306.660000000003,0.3138267722053498,5
106,2,2,2,5,1,-2.017401990209132,43.26955812713315,-2.033693,43.256347,2626.251,2626.251,0,0,0,3.5144333333333337,46.15465,238.806,238.806,244.013,262.982,262.982,25.373,4,83,69,POINT (-2.017401990209132 43.26955812713315),2626.251,PT,PT,1,1,0,1.30388109648,0.07369762719234783,3.9393765000000003,0.22266041086956526,26262.510000000002,0.0,26262.510000000002,0.11473148382665471,5
97,2,3,2,5,1,-2.0206089878970404,43.24716481984562,-2.033693,43.256347,1473.15,1473.15,0,0,0,2.1221166666666664,38.48291666666667,130.479,523.271,658.581,658.581,658.581,22.157,4,83,69,POINT (-2.0206089878970404 43.24716481984562),1473.15,Walk,Walk,0,0,0,0.0,0.0,2.209725,0.12489750000000002,14731.5,0.0,14731.5,0.0,1
97,2,3,2,5,1,-2.0164816808726083,43.26215724416495,-2.033693,43.256347,1844.19,1844.19,0,0,0,4.163749999999999,44.77963333333333,321.063,321.063,321.063,321.063,321.063,23.129,4,83,69,POINT (-2.0164816808726083 43.26215724416495),1844.19,PT,PT,1,1,0,0.9156034512000001,0.051751499415652186,2.766285,0.1563552391304348,18441.9,0.0,18441.9,0.07674968772295057,5
106,2,2,2,5,1,-2.014988457546913,43.27001900928262,-2.033693,43.256347,2644.524,2644.524,0,0,0,3.2895333333333334,51.33421666666666,196.351,196.351,263.377,348.734,365.594,26.671,4,83,69,POINT (-2.014988457546913 43.27001900928262),2644.524,PT,PT,1,1,0,1.31295327552,0.07421040252939132,3.966786,0.2242096434782609,26445.239999999998,0.0,26445.239999999998,0.11906398549551285,5
97,2,3,2,4,1,-1.7936825784754915,43.3676453632448,-2.033693,43.256347,27240.717,27240.717,0,0,0,27.556050000000003,449.2858,81.503,174.735,220.93,221.218,254.198,32.072,6,36,69,POINT (-1.7936825784754915 43.3676453632448),27240.717,Car,Car,2,2,0,40.8610755,2.30953905,40.8610755,2.30953905,272407.17,0.0,272407.17,4.1256760528545,5
97,2,3,2,4,1,-1.812271379016847,43.37724492813564,-2.033693,43.256347,27457.828,27457.828,0,0,0,31.088783333333332,431.58405000000005,1838.306,1907.942,1907.942,1955.208,1993.874,55.943,6,36,69,POINT (-1.812271379016847 43.37724492813564),27457.828,Car,Car,2,2,0,41.186742,2.3279462869565224,41.186741999999995,2.327946286956522,274578.28,0.0,274578.28,2.6545524350414813,0
97,2,3,2,4,1,-1.7882396748128109,43.362739120789406,-2.033693,43.256347,26697.27,26697.27,0,0,0,26.002266666666667,451.10895,277.183,277.183,438.364,451.594,576.8,31.741,6,36,69,POINT (-1.7882396748128109 43.362739120789406),26697.27,Car,Car,2,2,0,40.045905,2.263464195652174,40.045905,2.263464195652174,266972.7,0.0,266972.7,3.4399355378359395,4
97,2,3,2,4,1,-1.8487347459988248,43.33231923390767,-2.033693,43.256347,19832.936,19832.936,0,0,0,20.368566666666666,335.11899999999997,357.229,598.463,2174.213,2174.213,2302.319,33.929,6,36,69,POINT (-1.8487347459988248 43.33231923390767),19832.936,Car,Car,2,2,0,29.749404,1.6814880521739133,29.749404000000002,1.6814880521739133,198329.36000000002,0.0,198329.36000000002,2.449023288221279,1
103,1,2,2,4,1,-2.0007887515522,43.224504514651365,-2.033693,43.256347,6081.409,6081.409,0,0,0,7.342216666666667,115.84988333333334,748.459,748.459,835.105,835.105,1052.363,34.855,1,9,69,POINT (-2.0007887515522 43.224504514651365),6081.409,PT,PT,1,1,0,3.01929794032,0.17065597053982612,9.1221135,0.5155977195652174,60814.09,0.0,60814.09,0.21948648385693995,0
103,1,2,2,4,1,-2.023489190965766,43.22313850112175,-2.033693,43.256347,4413.76,4413.76,0,0,0,5.156983333333333,124.51563333333334,206.431,274.221,274.221,279.461,285.237,22.317,1,9,69,POINT (-2.023489190965766 43.22313850112175),4413.76,PT,PT,1,1,0,2.1913435648,0.12385854931478261,6.620640000000001,0.37421008695652186,44137.600000000006,0.0,44137.600000000006,0.19722997561853334,5
101,2,3,2,4,1,-2.2630088734902536,43.29312858886645,-2.033693,43.256347,27030.134,27030.134,0,0,0,25.01435,389.20395,480.997,580.875,580.875,732.206,732.206,37.4,6,81,69,POINT (-2.2630088734902536 43.29312858886645),27030.134,Car,Car,2,2,0,40.54520099999999,2.291685273913043,40.545201,2.2916852739130436,270301.33999999997,0.0,270301.33999999997,3.1719774929278572,1
101,2,3,2,4,1,-2.2578370533465306,43.29672060124346,-2.033693,43.256347,26833.124,26833.124,0,0,0,24.55565,383.2510833333333,177.97,354.027,354.027,505.358,505.358,33.763,6,81,69,POINT (-2.2578370533465306 43.29672060124346),26833.124,Car,Car,2,2,0,40.249686,2.2749822521739134,40.249686000000004,2.274982252173914,268331.24,0.0,268331.24,3.7028849984805308,3
101,2,3,2,4,1,-2.229407211208379,43.27400966429232,-2.033693,43.256347,22901.355,22901.355,0,0,0,26.42275,342.72703333333334,0.0,0.0,1141.095,1177.446,1213.375,30.533,6,81,69,POINT (-2.229407211208379 43.27400966429232),22901.355,Car,Car,2,2,0,34.3520325,1.9416366195652177,34.3520325,1.9416366195652177,229013.55,0.0,229013.55,3.8832732391304354,2
101,2,3,2,4,1,-2.255736546050249,43.28818651148325,-2.033693,43.256347,26776.476,26776.476,0,0,0,24.648716666666665,387.34763333333336,699.176,699.176,699.176,699.176,966.823,36.004,6,81,69,POINT (-2.255736546050249 43.28818651148325),26776.476,Car,Car,2,2,0,40.164714,2.270179486956522,40.164714,2.270179486956522,267764.76,0.0,267764.76,2.9517949842132176,0
101,2,3,2,4,1,-2.258775191855785,43.29572090238987,-2.033693,43.256347,26689.018,26689.018,0,0,0,24.12585,384.1431333333333,101.169,277.226,277.226,428.557,428.557,33.084,6,81,69,POINT (-2.258775191855785 43.29572090238987),26689.018,Car,Car,2,2,0,40.033527,2.262764569565218,40.033527,2.262764569565218,266890.18,0.0,266890.18,3.9548927521255988,5
101,2,3,2,4,1,-2.25803003945974,43.29783787043161,-2.033693,43.256347,27098.239,27098.239,0,0,0,25.215516666666666,385.9703333333334,425.969,589.176,589.176,687.177,687.177,36.795,6,81,69,POINT (-2.25803003945974 43.29783787043161),27098.239,Car,Car,2,2,0,40.647358499999996,2.297459393478261,40.6473585,2.2974593934782614,270982.39,0.0,270982.39,3.2468633184991345,1
103,2,2,2,5,2,-1.8946438543327904,43.31632728325308,-2.033693,43.256347,15843.422,15843.422,0,0,0,16.30765,268.66185,558.436,598.291,664.166,732.396,732.396,30.217,4,53,69,POINT (-1.8946438543327904 43.31632728325308),15843.422,PT,PT,1,1,0,7.865942154560002,0.4445967304751306,23.765133000000002,1.3432466478260874,158434.22,0.0,158434.22,0.5999711778917571,0
103,2,2,2,5,2,-1.893823840219508,43.3205857453469,-2.033693,43.256347,15865.623,15865.623,0,0,0,15.790516666666667,268.47296666666665,301.674,341.529,567.504,567.504,804.067,28.633,4,53,69,POINT (-1.893823840219508 43.3205857453469),15865.623,PT,PT,1,1,0,7.87696450704,0.4452197330066088,23.7984345,1.3451289065217393,158656.22999999998,0.0,158656.22999999998,0.6672102459787209,2
103,1,3,1,6,1,-1.895447566709895,43.308129041530016,-2.033693,43.256347,15779.994,15779.994,0,0,0,15.131433333333332,265.66811666666666,17.04,150.016,203.548,235.266,235.931,25.931,3,67,83,POINT (-1.895447566709895 43.308129041530016),15779.994,Car,Car,2,2,0,23.669991000000003,1.3378690565217395,23.669991000000003,1.3378690565217395,157799.94,0.0,157799.94,2.6038314491426133,5
103,1,3,1,6,1,-1.8883824527267197,43.3078899535245,-2.033693,43.256347,16240.717,16240.717,0,0,0,13.606916666666667,273.9286166666667,98.507,150.298,267.295,408.408,457.912,28.024,3,67,83,POINT (-1.8883824527267197 43.3078899535245),16240.717,PT,PT,1,1,0,8.06319117616,0.4557455882177392,24.3610755,1.3769303543478262,162407.17,0.0,162407.17,0.7988353619615424,5
103,1,3,1,6,1,-1.9036464577070484,43.31207900315452,-2.033693,43.256347,15529.599,15529.599,0,0,0,16.067066666666665,253.0446,60.107,112.248,165.016,165.016,166.95,26.761,3,67,83,POINT (-1.9036464577070484 43.31207900315452),15529.599,Car,Car,2,2,0,23.294398499999996,1.3166399152173913,23.2943985,1.3166399152173915,155295.99,0.0,155295.99,2.413513829262987,5
103,1,3,1,6,1,-1.8933962655510532,43.31113930411323,-2.033693,43.256347,16733.32,16733.32,0,0,0,14.851166666666668,268.4619,304.497,304.497,304.497,349.221,349.221,28.04,3,67,83,POINT (-1.8933962655510532 43.31113930411323),16733.32,PT,PT,1,1,0,8.3077587136,0.46956897076869575,25.09998,1.4186945217391305,167333.2,0.0,167333.2,0.7026068373430687,5
103,2,3,2,4,1,-1.919184606564292,43.31597380835227,-2.033693,43.256347,13727.587,13727.587,0,0,0,14.234266666666667,230.58828333333335,0.0,232.012,274.035,304.549,360.213,23.584,4,69,83,POINT (-1.919184606564292 43.31597380835227),13727.587,PT,PT,1,1,0,6.8154723937599995,0.38522235269078264,20.5913805,1.1638606369565219,137275.87,0.0,137275.87,0.7704447053815653,5
103,2,3,2,4,1,-1.936376761401505,43.31350918345737,-2.033693,43.256347,11921.712,11921.712,0,0,0,13.07665,201.54579999999999,61.587,61.587,61.587,61.587,160.92,27.279,4,69,83,POINT (-1.936376761401505 43.31350918345737),11921.712,PT,PT,1,1,0,5.91889157376,0.33454604547339134,17.882568,1.010753843478261,119217.12,0.0,119217.12,0.6121108186594223,5
103,2,3,2,4,1,-1.969497699648982,43.31872478640343,-2.033693,43.256347,10619.405,10619.405,0,0,0,12.951283333333333,180.99028333333334,70.414,94.334,164.918,193.95,207.821,22.803,4,69,83,POINT (-1.969497699648982 43.31872478640343),10619.405,PT,PT,1,1,0,5.2723221944,0.2980008196834783,15.929107500000002,0.9003408586956524,106194.05,0.0,106194.05,0.5393530523340895,5
103,2,3,2,4,1,-1.9508313331117384,43.300753067187,-2.033693,43.256347,9805.801,9805.801,0,0,0,9.013316666666666,170.16788333333335,314.379,358.895,550.51,698.965,698.965,29.119,4,69,83,POINT (-1.9508313331117384 43.300753067187),9805.801,Car,Car,2,2,0,14.708701499999998,0.8313613891304348,14.7087015,0.8313613891304349,98058.01,0.0,98058.01,1.2373134427311119,2
100,1,2,2,5,2,-1.9877151232286927,43.24680181119974,-2.033693,43.256347,4682.102,4682.102,0,0,0,9.373050000000001,88.69016666666667,758.162,760.898,760.898,760.898,765.734,31.078,3,72,83,POINT (-1.9877151232286927 43.24680181119974),4682.102,PT,PT,1,1,0,2.3245700009600005,0.1313887391846957,7.023153000000001,0.39696082173913055,46821.02,0.0,46821.02,0.1686388216441005,0
100,1,2,2,5,2,-1.9855187248561028,43.22754225386817,-2.033693,43.256347,6572.753,6572.753,0,0,0,11.860533333333333,120.94591666666666,2176.537,2176.537,2176.537,2176.537,2208.548,51.034,3,72,83,POINT (-1.9855187248561028 43.22754225386817),6572.753,Car,Car,2,2,0,9.859129499999998,0.5572551456521739,9.8591295,0.5572551456521739,65727.53,0.0,65727.53,0.6247593031493776,0
100,1,2,2,5,2,-1.978604439822487,43.24899819002333,-2.033693,43.256347,5770.619,5770.619,0,0,0,12.094316666666666,106.74755,1789.133,1841.605,1844.341,1844.341,1844.341,44.54,3,72,83,POINT (-1.978604439822487 43.24899819002333),5770.619,Car,Car,2,2,0,8.655928499999998,0.4892481326086956,8.6559285,0.4892481326086957,57706.189999999995,0.0,57706.189999999995,0.5595042818259109,0
106,2,2,2,4,1,-1.909326637202427,43.31519915900298,-2.033693,43.256347,15235.633,15235.633,0,0,0,15.472883333333334,247.20326666666668,137.374,137.374,139.723,139.723,208.565,22.305,6,67,63,POINT (-1.909326637202427 43.31519915900298),15235.633,PT,PT,1,1,0,7.564187071840001,0.42754100840834797,22.8534495,1.2917167108695653,152356.33,0.0,152356.33,0.7207964431678544,5
106,2,2,2,4,1,-1.8985380893215051,43.31187498990706,-2.033693,43.256347,15746.825,15746.825,0,0,0,16.748966666666668,261.21126666666663,174.649,174.649,174.649,259.762,296.874,25.872,6,67,63,POINT (-1.8985380893215051 43.31187498990706),15746.825,Car,Car,2,2,0,23.620237499999995,1.335056902173913,23.6202375,1.3350569021739134,157468.25,0.0,157468.25,2.1788742717505345,5
106,2,2,2,4,1,-1.9096904403544903,43.3135983605506,-2.033693,43.256347,14881.173,14881.173,0,0,0,14.586783333333333,247.81963333333334,92.446,112.616,167.979,184.608,184.608,23.425,6,67,63,POINT (-1.9096904403544903 43.3135983605506),14881.173,PT,PT,1,1,0,7.38820477104,0.41759418271095655,22.3217595,1.2616646673913046,148811.73,0.0,148811.73,0.7368183684926615,5
106,2,2,2,4,1,-1.9038103651834295,43.31643036041653,-2.033693,43.256347,15425.764,15425.764,0,0,0,15.807433333333334,256.709,294.105,294.105,296.526,296.526,317.572,24.728,6,67,63,POINT (-1.9038103651834295 43.31643036041653),15425.764,Car,Car,2,2,0,23.138646,1.3078365130434786,23.138646,1.3078365130434786,154257.63999999998,0.0,154257.63999999998,1.9682432659121525,5
106,2,2,2,4,1,-1.908462068436524,43.31218880275271,-2.033693,43.256347,15049.067,15049.067,0,0,0,15.006516666666666,248.38485,5.719,158.439,166.376,186.264,199.272,25.671,6,67,63,POINT (-1.908462068436524 43.31218880275271),15049.067,PT,PT,1,1,0,7.471560784159999,0.42230560953947827,22.5736005,1.2758991586956525,150490.66999999998,0.0,150490.66999999998,0.8367112659162277,5
106,2,2,2,4,1,-1.8932641920947733,43.30833547027226,-2.033693,43.256347,16109.096,16109.096,0,0,0,15.5866,268.2588,7.53,124.922,148.524,210.696,217.976,27.282,6,67,63,POINT (-1.8932641920947733 43.30833547027226),16109.096,PT,PT,1,1,0,7.997843982079999,0.45205205116104347,24.163644,1.365771182608696,161090.96,0.0,161090.96,0.8930354197700021,5
106,2,2,2,4,1,-1.9086103104964955,43.31344553669521,-2.033693,43.256347,15049.067,15049.067,0,0,0,15.006516666666666,248.65725,119.977,198.714,208.572,208.572,218.884,24.518,6,67,63,POINT (-1.9086103104964955 43.31344553669521),15049.067,PT,PT,1,1,0,7.471560784159999,0.42230560953947827,22.5736005,1.2758991586956525,150490.66999999998,0.0,150490.66999999998,0.7239689931577323,5
106,2,2,2,4,1,-1.9144911131663744,43.27531978644726,-2.033693,43.256347,12015.155,12015.155,0,0,0,18.372700000000002,207.01798333333332,848.873,1101.795,1480.5,1711.443,2172.086,44.636,6,67,63,POINT (-1.9144911131663744 43.27531978644726),12015.155,Car,Car,2,2,0,18.0227325,1.018676184782609,18.022732500000004,1.0186761847826091,120151.55,0.0,120151.55,1.2846784804539169,0
106,2,2,2,4,1,-1.899797519588844,43.31538587240303,-2.033693,43.256347,15519.412,15519.412,0,0,0,15.30695,261.24065,121.283,124.458,260.306,260.306,278.99,23.505,6,67,63,POINT (-1.899797519588844 43.31538587240303),15519.412,PT,PT,1,1,0,7.70507766976,0.4355043900299131,23.279118000000004,1.3157762347826092,155194.12,0.0,155194.12,0.7456315895821711,5
102,2,3,2,5,1,-1.802489526425967,43.33151191906605,-2.033693,43.256347,23551.844,23551.844,0,0,0,17.42598333333333,400.51048333333335,407.564,407.564,407.564,458.436,514.194,27.186,4,45,63,POINT (-1.802489526425967 43.33151191906605),23551.844,PT,PT,1,1,0,11.693019509120003,0.6609097983415655,35.327766000000004,1.996786773913044,235518.44,0.0,235518.44,0.9411288873603251,4
97,2,3,1,5,1,-1.808220341730702,43.33544024545549,-2.033693,43.256347,23541.004,23541.004,0,0,0,18.083916666666667,397.2133,333.33,337.523,337.523,374.033,374.033,27.91,4,45,63,POINT (-1.808220341730702 43.33544024545549),23541.004,PT,PT,1,1,0,11.687637665919999,0.6606056072041739,35.311506,1.995867730434783,235410.04,0.0,235410.04,0.9735256996697956,5
103,2,3,1,5,1,-1.8069831285319575,43.34031091487734,-2.033693,43.256347,23861.889,23861.889,0,0,0,19.865299999999998,402.4261666666667,113.991,282.761,405.596,426.993,432.878,26.509,4,45,63,POINT (-1.8069831285319575 43.34031091487734),23861.889,Car,Car,2,2,0,35.7928335,2.023073197826087,35.7928335,2.023073197826087,238618.88999999998,0.0,238618.88999999998,3.4891001388654486,5
100,1,2,2,4,1,-1.794932987674438,43.3395366382108,-2.033693,43.256347,24650.715,24650.715,0,0,0,20.282016666666667,415.9813666666667,0.0,184.242,184.242,238.099,238.099,22.466,1,45,63,POINT (-1.794932987674438 43.3395366382108),24650.715,PT,PT,1,1,0,12.238586983200001,0.6917462207895654,36.9760725,2.089951923913044,246507.15,0.0,246507.15,1.3834924415791308,5
97,1,2,1,5,1,-1.7898584684120398,43.33614126501281,-2.033693,43.256347,24801.387,24801.387,0,0,0,20.158366666666666,419.26933333333335,374.985,374.985,374.985,389.207,448.837,25.091,1,45,63,POINT (-1.7898584684120398 43.33614126501281),24801.387,Car,Car,2,2,0,37.202080499999994,2.102726289130435,37.202080499999994,2.102726289130435,248013.87,0.0,248013.87,3.0372920746503063,5
97,2,3,1,5,1,-1.8038136297524012,43.33186508887855,-2.033693,43.256347,23625.642,23625.642,0,0,0,17.7192,398.21560000000005,304.585,304.585,304.585,376.501,391.505,25.908,4,45,63,POINT (-1.8038136297524012 43.33186508887855),23625.642,Car,Car,2,2,0,35.438463,2.0030435608695654,35.438463000000006,2.003043560869566,236256.41999999998,0.0,236256.41999999998,2.9969700861073227,5
103,2,3,1,5,1,-1.7988209993173918,43.33696233616259,-2.033693,43.256347,24241.08,24241.08,0,0,0,19.257983333333335,409.79560000000004,111.306,272.682,282.725,282.725,297.34,21.25,4,45,63,POINT (-1.7988209993173918 43.33696233616259),24241.08,Car,Car,2,2,0,36.36162,2.0552220000000005,36.36162,2.0552220000000005,242410.80000000002,0.0,242410.80000000002,3.5542679657773055,5
97,1,2,1,5,1,-1.7812087485973662,43.336620539262775,-2.033693,43.256347,25369.586,25369.586,0,0,0,21.57885,432.6924,29.88,187.255,274.626,346.766,399.568,28.473,1,45,63,POINT (-1.7812087485973662 43.336620539262775),25369.586,Car,Car,2,2,0,38.054379,2.1508996826086957,38.054379,2.1508996826086957,253695.86,0.0,253695.86,4.106974330306673,5
102,2,3,2,5,1,-1.7936711135959365,43.342476055024605,-2.033693,43.256347,25029.248,25029.248,0,0,0,21.342116666666666,422.30845000000005,249.616,249.616,352.427,352.427,352.427,25.069,4,45,63,POINT (-1.7936711135959365 43.342476055024605),25029.248,PT,PT,1,1,0,12.42652104704,0.7023685809196523,37.543872,2.122044939130435,250292.47999999998,0.0,250292.47999999998,1.0857463833779062,5
102,2,3,2,5,1,-1.7872907598241428,43.33727422891096,-2.033693,43.256347,24963.803,24963.803,0,0,0,20.683049999999998,424.6397333333333,74.038,133.668,361.812,361.812,361.812,26.501,4,45,63,POINT (-1.7872907598241428 43.33727422891096),24963.803,PT,PT,1,1,0,12.39402891344,0.7005320690205218,37.4457045,2.116496341304348,249638.03,0.0,249638.03,1.262399100461596,5
102,2,3,2,5,1,-1.8074060968240768,43.3385410722878,-2.033693,43.256347,23684.474,23684.474,0,0,0,19.527933333333333,399.47111666666666,223.208,377.218,396.594,396.594,429.518,27.866,4,45,63,POINT (-1.8074060968240768 43.3385410722878),23684.474,PT,PT,1,1,0,11.758867651519997,0.6646316498685216,35.526711,2.008031491304348,236844.74,0.0,236844.74,1.0457219523114438,5
100,1,2,2,4,1,-1.7954785519698682,43.33964410783048,-2.033693,43.256347,24612.652,24612.652,0,0,0,20.348766666666666,415.48748333333333,77.479,166.055,166.055,166.055,166.055,22.965,1,45,63,POINT (-1.7954785519698682 43.33964410783048),24612.652,PT,PT,1,1,0,12.219689464959998,0.6906781001933913,36.918977999999996,2.086724843478261,246126.52,0.0,246126.52,1.2395918942270128,5
102,2,3,2,5,1,-1.8187342533881956,43.32539501041372,-2.033693,43.256347,22224.04,22224.04,0,0,0,18.41936666666667,377.27321666666666,457.098,457.098,457.098,629.749,652.847,31.312,4,45,63,POINT (-1.8187342533881956 43.32539501041372),22224.04,Car,Car,2,2,0,33.33606,1.8842120869565222,33.336059999999996,1.8842120869565218,222240.40000000002,0.0,222240.40000000002,2.6308309210928646,3
100,1,2,2,4,1,-1.7964759191237605,43.34104420630524,-2.033693,43.256347,24740.046,24740.046,0,0,0,20.505333333333333,417.01436666666666,0.0,0.0,0.0,0.0,236.273,21.554,1,45,63,POINT (-1.7964759191237605 43.34104420630524),24740.046,PT,PT,1,1,0,12.282938038080001,0.6942530195436524,37.110068999999996,2.097525639130435,247400.46,0.0,247400.46,1.3885060390873047,5
97,1,2,1,5,1,-1.7758451166737452,43.3237482122537,-2.033693,43.256347,25623.639,25623.639,0,0,0,24.543916666666668,431.06564999999995,1511.881,1597.707,1677.801,1700.012,1721.835,45.481,1,45,63,POINT (-1.7758451166737452 43.3237482122537),25623.639,Car,Car,2,2,0,38.435458499999996,2.1724389586956523,38.4354585,2.1724389586956527,256236.38999999998,0.0,256236.38999999998,2.5321379055959703,0
103,2,3,1,5,1,-1.8077634911409817,43.33442515970191,-2.033693,43.256347,23481.061,23481.061,0,0,0,17.93406666666667,396.36443333333335,80.557,84.75,84.75,295.058,295.058,24.77,4,45,63,POINT (-1.8077634911409817 43.33442515970191),23481.061,Car,Car,2,2,0,35.221591499999995,1.990785606521739,35.2215915,1.9907856065217395,234810.61000000002,0.0,234810.61000000002,3.5601580841177936,5
97,2,3,1,5,1,-1.7883163378213325,43.33943707234858,-2.033693,43.256347,25169.375,25169.375,0,0,0,21.396349999999998,423.9704,52.326,52.326,52.326,306.241,306.241,25.085,4,45,63,POINT (-1.7883163378213325 43.33943707234858),25169.375,Car,Car,2,2,0,37.7540625,2.133925271739131,37.7540625,2.133925271739131,251693.75,0.0,251693.75,3.9509287898494585,5
97,2,3,1,5,1,-1.806766208113004,43.34099329867829,-2.033693,43.256347,23861.889,23861.889,0,0,0,19.865299999999998,402.06945,92.588,261.358,384.193,405.59,411.475,26.244,4,45,63,POINT (-1.806766208113004 43.34099329867829),23861.889,Car,Car,2,2,0,35.7928335,2.023073197826087,35.7928335,2.023073197826087,238618.88999999998,0.0,238618.88999999998,3.5690245752187386,5
97,2,3,1,5,1,-1.8089824121425355,43.33907287212439,-2.033693,43.256347,23525.602,23525.602,0,0,0,19.54733333333333,396.82325000000003,233.031,233.031,265.955,265.955,272.767,28.081,4,45,63,POINT (-1.8089824121425355 43.33907287212439),23525.602,PT,PT,1,1,0,11.679990880959998,0.6601733976194782,35.288402999999995,1.994561908695652,235256.02,0.0,235256.02,1.0317315608141957,5
100,1,2,2,4,1,-1.7964789501224296,43.33820850721772,-2.033693,43.256347,24436.973,24436.973,0,0,0,19.747683333333335,412.96896666666663,189.997,195.334,207.487,270.471,284.11,21.087,1,45,63,POINT (-1.7964789501224296 43.33820850721772),24436.973,PT,PT,1,1,0,12.13246835504,0.6857482113718262,36.655459500000006,2.071830319565218,244369.73,0.0,244369.73,1.1055966255693577,5
103,1,4,1,6,1,-1.9681042042736985,43.32470652268277,-2.033693,43.256347,11125.347,11125.347,0,0,0,13.462433333333333,189.97151666666664,124.558,136.561,200.412,200.412,236.144,22.058,3,69,63,POINT (-1.9681042042736985 43.32470652268277),11125.347,Car,Car,2,2,0,16.6880205,0.943235941304348,16.6880205,0.943235941304348,111253.47,0.0,111253.47,1.6097427139745235,5
103,1,4,1,6,1,-1.9841057583186417,43.31755055583788,-2.033693,43.256347,9730.718,9730.718,0,0,0,11.73705,162.20463333333333,0.0,0.0,0.0,70.103,112.683,19.915,3,69,63,POINT (-1.9841057583186417 43.31755055583788),9730.718,Car,Car,2,2,0,14.596077000000001,0.8249956565217393,14.596077000000001,0.8249956565217393,97307.18000000001,0.0,97307.18000000001,1.6499913130434787,5
100,2,3,1,5,1,-1.8201684232314064,43.3291542442108,-2.033693,43.256347,22203.745,22203.745,0,0,0,17.757266666666666,376.39806666666664,261.411,261.411,261.411,264.044,338.968,28.883,4,45,53,POINT (-1.8201684232314064 43.3291542442108),22203.745,PT,PT,1,1,0,11.0237153176,0.6230795614295653,33.3056175,1.8824914239130435,222037.44999999998,0.0,222037.44999999998,0.9560332592175845,5
100,2,3,1,5,1,-1.7943046142296093,43.34113885126963,-2.033693,43.256347,24853.127,24853.127,0,0,0,20.788016666666667,419.7397,87.593,87.593,223.674,223.674,225.5,23.155,4,45,53,POINT (-1.7943046142296093 43.34113885126963),24853.127,Car,Car,2,2,0,37.279690499999994,2.1071129413043477,37.279690499999994,2.1071129413043477,248531.27000000002,0.0,248531.27000000002,3.7380347649474586,5
100,2,3,1,5,1,-1.786126919331659,43.34183736774328,-2.033693,43.256347,25546.301,25546.301,0,0,0,22.27691666666667,431.7851,349.092,349.092,528.938,528.938,528.938,30.16,4,45,53,POINT (-1.786126919331659 43.34183736774328),25546.301,Car,Car,2,2,0,38.3194515,2.1658820413043482,38.31945149999999,2.165882041304348,255463.01,0.0,255463.01,3.1669182771404154,2
100,2,3,1,5,1,-1.8221333806118656,43.32902361114735,-2.033693,43.256347,22324.657,22324.657,0,0,0,17.891883333333332,375.46805,0.0,229.101,359.79,402.543,465.601,29.382,4,45,53,POINT (-1.8221333806118656 43.32902361114735),22324.657,PT,PT,1,1,0,11.08374570736,0.6264725834594783,33.486985499999996,1.8927426586956522,223246.57,0.0,223246.57,1.2529451669189566,5
100,2,3,1,5,1,-1.7884462303500877,43.34013561239664,-2.033693,43.256347,25212.547,25212.547,0,0,0,21.50426666666667,424.8168,121.484,121.484,121.484,373.1,373.1,25.943,4,45,53,POINT (-1.7884462303500877 43.34013561239664),25212.547,Car,Car,2,2,0,37.818820499999994,2.1375855065217393,37.8188205,2.1375855065217393,252125.46999999997,0.0,252125.46999999997,3.659056432954348,5
103,2,3,2,4,1,-1.9660322736703808,43.32165205003092,-2.033693,43.256347,11024.241,11024.241,0,0,0,12.641983333333334,187.53675,78.762,81.278,81.278,158.541,160.111,21.163,6,69,40,POINT (-1.9660322736703808 43.32165205003092),11024.241,Car,Car,2,2,0,16.5363615,0.9346639108695655,16.536361499999998,0.9346639108695652,110242.41,0.0,110242.41,1.6749683058745282,5
103,2,3,2,4,1,-1.9790500134622555,43.303044630749646,-2.033693,43.256347,9195.026,9195.026,0,0,0,11.154883333333334,152.5822,154.15,202.125,213.281,225.8,282.475,21.456,6,69,40,POINT (-1.9790500134622555 43.303044630749646),9195.026,Car,Car,2,2,0,13.792539,0.779578291304348,13.792539000000001,0.779578291304348,91950.26,0.0,91950.26,1.2945479872006473,5
97,2,2,1,5,1,-2.0151420731913774,43.30365479349865,-2.033693,43.256347,7627.694,7627.694,0,0,0,8.345066666666666,123.80563333333333,0.0,31.299,74.798,252.234,265.057,29.179,2,69,40,POINT (-2.0151420731913774 43.30365479349865),7627.694,Car,Car,2,2,0,11.441540999999999,0.6466957956521739,11.441541,0.646695795652174,76276.94,0.0,76276.94,1.2933915913043479,5
103,2,3,2,4,1,-1.973910904380629,43.32009681378621,-2.033693,43.256347,10405.944,10405.944,0,0,0,12.873466666666667,176.84485,0.0,34.811,107.878,281.136,282.598,18.828,6,69,40,POINT (-1.973910904380629 43.32009681378621),10405.944,Car,Car,2,2,0,15.608915999999999,0.8822430782608697,15.608915999999999,0.8822430782608697,104059.44,0.0,104059.44,1.7644861565217393,5
97,1,2,2,3,1,-1.9848045693362384,43.31758930700514,-2.033693,43.256347,9817.296,9817.296,0,0,0,12.012883333333333,162.96203333333332,72.443,141.509,141.509,141.509,159.663,20.106,3,69,40,POINT (-1.9848045693362384 43.31758930700514),9817.296,PT,PT,1,1,0,4.874091118080001,0.275492106674087,14.725944,0.8323359652173914,98172.96,0.0,98172.96,0.49739890047132873,5
97,1,2,2,3,1,-1.991799239784865,43.30038451176394,-2.033693,43.256347,8016.016,8016.016,0,0,0,9.7383,125.10058333333333,35.444,150.857,159.241,159.241,224.342,27.426,3,69,40,POINT (-1.991799239784865 43.30038451176394),8016.016,PT,PT,1,1,0,3.97979162368,0.2249447439471305,12.024023999999999,0.679618747826087,80160.16,0.0,80160.16,0.4261211644052074,5
97,2,2,1,5,1,-1.974691082318757,43.32445863571984,-2.033693,43.256347,10676.66,10676.66,0,0,0,13.022066666666666,181.52721666666667,144.355,154.684,226.184,259.437,262.26,19.843,2,69,40,POINT (-1.974691082318757 43.32445863571984),10676.66,PT,PT,1,1,0,5.3007481568,0.29960750451478263,16.01499,0.905195086956522,106766.6,0.0,106766.6,0.5018832780616873,5
103,2,3,2,4,1,-1.9867228328084705,43.30166956311763,-2.033693,43.256347,8465.992,8465.992,0,0,0,10.863133333333334,130.78066666666666,36.608,80.645,165.093,234.989,234.989,23.674,6,69,40,POINT (-1.9867228328084705 43.30166956311763),8465.992,PT,PT,1,1,0,4.20319570816,0.23757193133078264,12.698988000000002,0.717768886956522,84659.92,0.0,84659.92,0.4493065882588259,5
97,2,2,1,5,1,-2.0065572775849803,43.31907907951886,-2.033693,43.256347,8800.957,8800.957,0,0,0,10.825700000000001,152.50878333333333,29.692,331.547,498.037,608.858,654.758,25.501,2,69,40,POINT (-2.0065572775849803 43.31907907951886),8800.957,Car,Car,2,2,0,13.2014355,0.746168093478261,13.201435499999999,0.7461680934782609,88009.57,0.0,88009.57,1.4251364276916427,3
103,2,3,2,4,1,-2.073519460031335,43.130629881994274,-2.033693,43.256347,15842.258,15842.258,0,0,0,15.479383333333335,288.3269,249.272,355.922,472.443,596.511,596.511,31.033,2,71,40,POINT (-2.073519460031335 43.130629881994274),15842.258,PT,PT,1,1,0,7.86536425184,0.4445640664083479,23.763386999999998,1.3431479608695653,158422.58,0.0,158422.58,0.6873749504921977,3
103,2,3,2,4,1,-2.077646612991737,43.12818406942672,-2.033693,43.256347,16471.344,16471.344,0,0,0,14.5982,298.11861666666664,229.449,229.449,405.897,436.755,711.014,32.112,2,71,40,POINT (-2.077646612991737 43.12818406942672),16471.344,PT,PT,1,1,0,8.17769286912,0.4622174230372174,24.707016000000003,1.3964835130434787,164713.44,0.0,164713.44,0.7241222087883761,4
103,2,3,2,4,1,-2.0803775328182827,43.13392870122608,-2.033693,43.256347,15663.516,15663.516,0,0,0,15.744083333333332,285.58475,182.475,205.921,271.446,271.446,316.935,27.394,2,71,40,POINT (-2.0803775328182827 43.13392870122608),15663.516,PT,PT,1,1,0,7.776622423680001,0.43954822394713056,23.495274,1.327993747826087,156635.16,0.0,156635.16,0.7128566175097798,5
97,1,3,1,6,1,-2.0177715271776573,43.22571089125809,-2.033693,43.256347,4771.534,4771.534,0,0,0,6.159933333333333,106.85973333333332,456.06,456.06,486.022,558.134,712.028,29.418,3,9,40,POINT (-2.0177715271776573 43.22571089125809),4771.534,Car,Car,2,2,0,7.1573009999999995,0.40454310000000004,7.1573009999999995,0.40454310000000004,47715.34,0.0,47715.34,0.5650633364891676,3
97,1,3,1,6,1,-2.0297572091758607,43.21658953826811,-2.033693,43.256347,4994.724,4994.724,0,0,0,5.776016666666666,124.11795000000001,674.875,674.875,740.465,740.465,846.327,25.588,3,9,40,POINT (-2.0297572091758607 43.21658953826811),4994.724,Car,Car,2,2,0,7.4920860000000005,0.4234657304347827,7.4920860000000005,0.4234657304347827,49947.240000000005,0.0,49947.240000000005,0.5537795851653223,0
97,2,3,1,3,1,-1.9579149048556348,43.31954500528849,-2.033693,43.256347,11094.86,11094.86,0,0,0,12.239966666666668,196.39481666666669,32.976,66.816,181.964,239.852,296.633,25.167,2,69,67,POINT (-1.9579149048556348 43.31954500528849),11094.86,Car,Car,2,2,0,16.64229,0.9406511739130435,16.64229,0.9406511739130435,110948.6,0.0,110948.6,1.7881457446145748,5
97,2,3,1,3,1,-1.984799047076884,43.29927998813083,-2.033693,43.256347,8613.144,8613.144,0,0,0,11.458233333333334,133.09478333333334,185.728,285.78,329.817,469.057,484.161,26.214,2,69,67,POINT (-1.984799047076884 43.29927998813083),8613.144,Car,Car,2,2,0,12.919716000000001,0.7302448173913045,12.919716000000001,0.7302448173913045,86131.44,0.0,86131.44,1.1812656463684097,5
101,2,2,2,5,1,-2.0289548221574294,43.31162460202518,-2.033693,43.256347,9385.604,9385.604,0,0,0,15.328916666666666,143.0452,389.835,389.835,419.943,419.943,480.398,35.912,5,69,67,POINT (-2.0289548221574294 43.31162460202518),9385.604,Car,Car,2,2,0,14.078405999999998,0.7957359913043478,14.078406,0.7957359913043479,93856.04,0.0,93856.04,1.1417909137007243,5
97,1,2,1,5,1,-1.9550830084616664,43.32244522766,-2.033693,43.256347,12093.517,12093.517,0,0,0,13.978900000000001,209.38043333333331,354.135,354.135,540.493,570.039,570.039,27.611,1,69,67,POINT (-1.9550830084616664 43.32244522766),12093.517,PT,PT,1,1,0,6.00418932016,0.3393672224438261,18.1402755,1.0253199195652176,120935.17,0.0,120935.17,0.49500813255129295,2
101,2,2,2,5,1,-2.0543251885458087,43.30711871961888,-2.033693,43.256347,8883.406,8883.406,0,0,0,17.051516666666668,145.65093333333334,797.944,1161.359,1182.334,1526.496,1869.679,43.176,5,69,67,POINT (-2.0543251885458087 43.30711871961888),8883.406,Car,Car,2,2,0,13.325109,0.7531583347826087,13.325109000000001,0.7531583347826089,88834.06000000001,0.0,88834.06000000001,0.9589497963095924,0
97,1,2,1,5,1,-2.027135394908586,43.31767765556526,-2.033693,43.256347,10096.596,10096.596,0,0,0,15.9337,155.05243333333334,546.247,546.247,672.069,672.069,739.829,37.206,1,69,67,POINT (-2.027135394908586 43.31767765556526),10096.596,Car,Car,2,2,0,15.144894,0.8560157478260871,15.144894,0.8560157478260871,100965.95999999999,0.0,100965.95999999999,1.1594788317103741,0
97,2,3,1,3,1,-1.971646036491333,43.3205265315294,-2.033693,43.256347,10532.477,10532.477,0,0,0,13.372250000000001,180.35773333333333,17.808,193.237,195.745,232.31,301.115,20.893,2,69,67,POINT (-1.971646036491333 43.3205265315294),10532.477,Car,Car,2,2,0,15.7987155,0.8929708760869567,15.798715500000002,0.8929708760869568,105324.77,0.0,105324.77,1.7359051723478658,5
101,2,2,2,5,1,-1.983854043256253,43.32397980183351,-2.033693,43.256347,10558.425,10558.425,0,0,0,13.411883333333332,177.20113333333333,93.773,185.441,194.83,201.138,205.146,21.59,5,69,67,POINT (-1.983854043256253 43.32397980183351),10558.425,PT,PT,1,1,0,5.242046843999999,0.29628960422608697,15.8376375,0.8951708152173914,105584.25,0.0,105584.25,0.5220208790159433,5
97,1,2,1,5,1,-1.9495613979358697,43.32244757737463,-2.033693,43.256347,11960.611,11960.611,0,0,0,13.097966666666668,208.83443333333335,197.879,197.879,197.879,211.316,211.316,26.123,1,69,67,POINT (-1.9495613979358697 43.32244757737463),11960.611,PT,PT,1,1,0,5.938204149280001,0.33563762582886963,17.9409165,1.014051802173913,119606.11000000002,0.0,119606.11000000002,0.5378781054407048,5
97,1,2,1,5,1,-2.0026768911109576,43.30255468955014,-2.033693,43.256347,6918.383,6918.383,0,0,0,6.780366666666667,122.10361666666667,74.062,82.878,82.878,82.878,82.878,26.038,1,69,67,POINT (-2.0026768911109576 43.30255468955014),6918.383,PT,PT,1,1,0,3.4348387918400003,0.1941430621474783,10.377574499999998,0.5865585586956521,69183.83,0.0,69183.83,0.3498469792634738,5
97,2,3,1,3,1,-2.028931593507177,43.316804856004765,-2.033693,43.256347,10096.596,10096.596,0,0,0,15.9337,151.39505,379.295,379.295,572.645,572.645,737.495,35.133,2,69,67,POINT (-2.028931593507177 43.316804856004765),10096.596,Car,Car,2,2,0,15.144894,0.8560157478260871,15.144894,0.8560157478260871,100965.95999999999,0.0,100965.95999999999,1.234061698919244,2
97,2,3,1,3,1,-1.919402354987747,43.31884397705945,-2.033693,43.256347,13686.877,13686.877,0,0,0,14.71535,232.4471333333333,27.601,106.772,190.477,327.601,336.275,21.622,2,69,67,POINT (-1.919402354987747 43.31884397705945),13686.877,Car,Car,2,2,0,20.5303155,1.160409136956522,20.5303155,1.160409136956522,136868.77000000002,0.0,136868.77000000002,2.223051623050754,5
97,1,2,1,5,1,-1.999234006431501,43.30824636340398,-2.033693,43.256347,8016.786,8016.786,0,0,0,9.651900000000001,139.085,142.854,214.502,214.502,246.033,246.033,28.339,1,69,67,POINT (-1.999234006431501 43.30824636340398),8016.786,Car,Car,2,2,0,12.025179000000001,0.6796840304347828,12.025179,0.6796840304347826,80167.86,0.0,80167.86,1.1401184154249484,5
97,2,3,1,3,1,-1.9506356697065397,43.31105918051936,-2.033693,43.256347,11057.073,11057.073,0,0,0,10.5214,188.1399,151.287,307.421,323.36,468.804,537.318,27.997,2,69,67,POINT (-1.9506356697065397 43.31105918051936),11057.073,Car,Car,2,2,0,16.5856095,0.9374474934782611,16.5856095,0.9374474934782611,110570.73000000001,0.0,110570.73000000001,1.5606301866280268,4
101,2,2,2,5,1,-2.0381805565784927,43.308659339468825,-2.033693,43.256347,8620.411,8620.411,0,0,0,14.410400000000001,129.8715,0.0,344.162,365.137,400.587,400.587,31.978,5,69,67,POINT (-2.0381805565784927 43.308659339468825),8620.411,Car,Car,2,2,0,12.9306165,0.7308609326086957,12.9306165,0.7308609326086957,86204.11,0.0,86204.11,1.4617218652173913,5
101,2,2,2,5,1,-1.9679706718810928,43.31110023574124,-2.033693,43.256347,9911.619,9911.619,0,0,0,11.60415,172.07566666666668,225.436,225.436,242.84,246.71,255.746,22.866,5,69,67,POINT (-1.9679706718810928 43.31110023574124),9911.619,PT,PT,1,1,0,4.920920601120001,0.27813899049808705,14.867428500000003,0.8403329152173916,99116.19,0.0,99116.19,0.43694367298924885,5
97,1,2,1,5,1,-1.9631078336499,43.31404988488044,-2.033693,43.256347,10482.586,10482.586,0,0,0,11.005283333333333,185.98669999999998,185.865,189.506,304.221,305.035,386.305,25.078,1,69,67,POINT (-1.9631078336499 43.31404988488044),10482.586,Car,Car,2,2,0,15.723878999999998,0.8887409869565218,15.723878999999998,0.8887409869565218,104825.85999999999,0.0,104825.85999999999,1.4374989672328464,5
101,2,2,2,5,1,-1.9831129273881491,43.31277721525949,-2.033693,43.256347,9412.728,9412.728,0,0,0,11.511516666666667,161.45101666666667,159.675,220.228,272.268,288.036,307.084,22.516,5,69,67,POINT (-1.9831129273881491 43.31277721525949),9412.728,PT,PT,1,1,0,4.67323119744,0.26413915463791304,14.119091999999998,0.7980356347826087,94127.28,0.0,94127.28,0.4365256154882397,5
97,2,3,1,3,1,-2.0331937229044,43.270373067122925,-2.033693,43.256347,2868.145,2868.145,0,0,0,5.835533333333333,39.73995,71.522,71.522,71.522,71.522,83.01,26.816,2,69,67,POINT (-2.0331937229044 43.270373067122925),2868.145,Car,Car,2,2,0,4.302217499999999,0.2431688152173913,4.302217499999999,0.2431688152173913,28681.45,0.0,28681.45,0.4395250056050867,5
97,2,3,2,3,1,-1.8373500339132929,43.2925724073684,-2.033693,43.256347,19359.888,19359.888,0,0,0,20.65755,325.71094999999997,1168.179,1634.276,1790.139,1802.774,1821.52,51.536,6,63,67,POINT (-1.8373500339132929 43.2925724073684),19359.888,Car,Car,2,2,0,29.039831999999997,1.6413818086956522,29.039831999999997,1.6413818086956522,193598.88,0.0,193598.88,1.9767731626168674,0
97,2,3,2,3,1,-1.841684746578247,43.29140713469716,-2.033693,43.256347,19009.566,19009.566,0,0,0,19.78175,317.2568333333333,482.162,1127.029,1332.295,1358.542,1483.605,47.099,6,63,67,POINT (-1.841684746578247 43.29140713469716),19009.566,Car,Car,2,2,0,28.514348999999996,1.6116805956521738,28.514349,1.611680595652174,190095.65999999997,0.0,190095.65999999997,2.229844324771783,1
97,2,3,2,3,1,-1.8451927739456744,43.31857832743373,-2.033693,43.256347,20457.896,20457.896,0,0,0,23.819599999999998,344.95976666666667,1148.425,1777.735,2023.273,2102.093,2206.288,53.087,6,63,67,POINT (-1.8451927739456744 43.31857832743373),20457.896,Car,Car,2,2,0,30.686844,1.7344737913043482,30.686844,1.7344737913043482,204578.96000000002,0.0,204578.96000000002,2.093720654201153,0
97,2,3,2,3,1,-1.873980449328188,43.30501006768045,-2.033693,43.256347,16835.695,16835.695,0,0,0,13.80335,287.23858333333334,183.014,183.014,183.014,829.899,854.194,35.129,6,63,67,POINT (-1.873980449328188 43.30501006768045),16835.695,PT,PT,1,1,0,8.358585853600001,0.47244180911652184,25.2535425,1.427374141304348,168356.95,0.0,168356.95,0.7658754212581088,3
97,2,3,2,3,1,-1.8578700217446784,43.29190652694488,-2.033693,43.256347,17703.837,17703.837,0,0,0,15.924866666666667,295.72113333333334,142.055,215.799,308.019,394.011,420.258,33.863,6,63,67,POINT (-1.8578700217446784 43.29190652694488),17703.837,Car,Car,2,2,0,26.5557555,1.500977484782609,26.5557555,1.500977484782609,177038.37,0.0,177038.37,2.5196137301248913,5
97,2,3,2,3,1,-1.8731263015977049,43.30408048755381,-2.033693,43.256347,16835.695,16835.695,0,0,0,13.80335,288.59048333333334,387.854,387.854,387.854,841.079,935.308,37.671,6,63,67,POINT (-1.8731263015977049 43.30408048755381),16835.695,Car,Car,2,2,0,25.2535425,1.427374141304348,25.2535425,1.427374141304348,168356.95,0.0,168356.95,2.049907763833699,3
97,2,3,2,3,1,-1.8562811185307293,43.28969326369219,-2.033693,43.256347,17915.636,17915.636,0,0,0,16.380616666666665,300.6533166666667,377.297,487.394,487.849,511.73,514.096,36.646,6,63,67,POINT (-1.8562811185307293 43.28969326369219),17915.636,Car,Car,2,2,0,26.873454,1.5189343565217392,26.873454,1.5189343565217392,179156.36,0.0,179156.36,2.1917268049697936,3
97,2,3,2,3,1,-1.858927146860625,43.29839683150628,-2.033693,43.256347,17750.867,17750.867,0,0,0,17.569133333333333,297.13351666666665,191.783,192.439,237.716,242.504,252.309,31.062,6,63,67,POINT (-1.858927146860625 43.29839683150628),17750.867,PT,PT,1,1,0,8.812950448159999,0.49812328620034785,26.6263005,1.5049648108695655,177508.66999999998,0.0,177508.66999999998,0.8019910202621279,5
97,2,3,2,3,1,-1.8349079791553928,43.28693370787175,-2.033693,43.256347,19948.857,19948.857,0,0,0,22.12995,330.3105833333333,310.362,1910.254,2115.52,2133.73,2141.767,56.883,6,63,67,POINT (-1.8349079791553928 43.28693370787175),19948.857,Car,Car,2,2,0,29.9232855,1.691316136956522,29.9232855,1.691316136956522,199488.57,0.0,199488.57,2.522617628672842,1
97,1,2,1,5,1,-1.9844784730224403,43.32407500281749,-2.033693,43.256347,10622.546,10622.546,0,0,0,13.572183333333333,176.93945,192.383,193.572,216.851,236.173,285.24,22.829,3,69,9,POINT (-1.9844784730224403 43.32407500281749),10622.546,PT,PT,1,1,0,5.273881638080001,0.2980889621523479,15.933819,0.9006071608695654,106225.46,0.0,106225.46,0.47970914125216324,5
97,1,2,1,5,1,-2.0018432261413834,43.31251482920865,-2.033693,43.256347,8216.788,8216.788,0,0,0,9.569216666666668,141.37651666666667,194.949,219.054,238.652,243.38,243.38,24.665,3,69,9,POINT (-2.0018432261413834 43.31251482920865),8216.788,Car,Car,2,2,0,12.325181999999998,0.6966407217391304,12.325182,0.6966407217391305,82167.88,0.0,82167.88,1.118890724308565,5
103,1,2,2,5,1,-1.966023924591229,43.31125716159573,-2.033693,43.256347,10205.482,10205.482,0,0,0,12.196133333333334,172.2052833333333,64.244,208.809,208.809,262.959,279.71,23.083,1,69,72,POINT (-1.966023924591229 43.31125716159573),10205.482,PT,PT,1,1,0,5.06681770336,0.2863853484507826,15.308223,0.8652473869565218,102054.82,0.0,102054.82,0.5222591158573419,5
103,1,2,2,5,1,-1.9831885864301164,43.31262323967657,-2.033693,43.256347,9412.728,9412.728,0,0,0,11.511516666666667,161.45101666666667,159.675,220.228,272.268,288.036,307.084,22.516,1,69,72,POINT (-1.9831885864301164 43.31262323967657),9412.728,PT,PT,1,1,0,4.67323119744,0.26413915463791304,14.119091999999998,0.7980356347826087,94127.28,0.0,94127.28,0.4365256154882397,5
101,1,2,2,5,1,-1.977360865334434,43.26094172033156,-2.033693,43.256347,5442.681,5442.681,0,0,0,7.842616666666667,101.30476666666667,211.293,211.293,211.293,229.766,229.766,21.006,1,40,72,POINT (-1.977360865334434 43.26094172033156),5442.681,PT,PT,1,1,0,2.7021822628799996,0.1527320409453913,8.164021499999999,0.46144469347826084,54426.81,0.0,54426.81,0.24234721714302632,5
101,1,2,2,5,1,-1.9787059939717335,43.26334175500433,-2.033693,43.256347,5545.24,5545.24,0,0,0,9.255083333333333,101.84096666666666,248.603,248.603,248.603,261.938,261.938,21.374,1,40,72,POINT (-1.9787059939717335 43.26334175500433),5545.24,PT,PT,1,1,0,2.7531007552,0.15561004268521741,8.317860000000001,0.4701399130434784,55452.399999999994,0.0,55452.399999999994,0.24070438742187622,5
103,2,2,2,5,1,-1.9873091014939364,43.32349366214211,-2.033693,43.256347,10264.077,10264.077,0,0,0,12.741616666666665,174.45686666666668,370.774,383.381,388.473,390.096,394.24,25.047,4,69,64,POINT (-1.9873091014939364 43.32349366214211),10264.077,PT,PT,1,1,0,5.095908948960001,0.2880296362455653,15.3961155,0.8702152239130436,102640.76999999999,0.0,102640.76999999999,0.4168493145182318,5
103,2,2,2,5,1,-2.060100454434527,43.3054317170102,-2.033693,43.256347,8918.196,8918.196,0,0,0,17.529733333333336,147.3539,1184.73,1548.145,1569.12,1913.282,2256.465,47.983,4,69,64,POINT (-2.060100454434527 43.3054317170102),8918.196,Car,Car,2,2,0,13.377294,0.7561079217391304,13.377294,0.7561079217391304,89181.95999999999,0.0,89181.95999999999,0.9088847744475281,0
